Image1,Image2,KeyPoint1_X,KeyPoint1_Y,KeyPoint2_X,KeyPoint2_Y
640px-thumb.jpg,BlaineHouse1.JPG,16.960052490234375,258.9082946777344,44.3718376159668,507.6354675292969
640px-thumb.jpg,BlaineHouse1.JPG,46.8752555847168,489.33563232421875,282.4256896972656,519.3973388671875
640px-thumb.jpg,BlaineHouse1.JPG,93.76335906982422,444.1760559082031,83.01333618164062,310.51031494140625
640px-thumb.jpg,BlaineHouse1.JPG,257.6624755859375,532.9781494140625,563.85400390625,580.9118041992188
640px-thumb.jpg,BlaineHouse1.JPG,284.20965576171875,536.1538696289062,421.5474548339844,442.5534973144531
640px-thumb.jpg,BlaineHouse1.JPG,292.0407409667969,376.8263244628906,419.72357177734375,300.59600830078125
640px-thumb.jpg,BlaineHouse1.JPG,324.43951416015625,279.4361572265625,611.9669799804688,253.93707275390625
640px-thumb.jpg,BlaineHouse1.JPG,326.4674377441406,291.6751403808594,553.6107788085938,314.4430847167969
640px-thumb.jpg,BlaineHouse1.JPG,326.90057373046875,284.0309753417969,553.6107788085938,314.4430847167969
640px-thumb.jpg,BlaineHouse1.JPG,327.31402587890625,265.7209167480469,553.6107788085938,314.4430847167969
640px-thumb.jpg,BlaineHouse1.JPG,327.4344482421875,261.841064453125,553.6107788085938,314.4430847167969
640px-thumb.jpg,BlaineHouse1.JPG,331.680908203125,274.46197509765625,553.6107788085938,314.4430847167969
640px-thumb.jpg,BlaineHouse1.JPG,331.9127197265625,270.7442321777344,553.6107788085938,314.4430847167969
640px-thumb.jpg,BlaineHouse1.JPG,332.0445251464844,266.97283935546875,553.6107788085938,314.4430847167969
640px-thumb.jpg,BlaineHouse1.JPG,332.078369140625,263.2867126464844,553.6107788085938,314.4430847167969
640px-thumb.jpg,BlaineHouse1.JPG,334.44781494140625,330.2815856933594,334.1956481933594,228.0462646484375
640px-thumb.jpg,BlaineHouse1.JPG,342.1387023925781,346.0490417480469,23.695796966552734,390.8916320800781
640px-thumb.jpg,BlaineHouse1.JPG,372.6917419433594,284.0105895996094,553.6107788085938,314.4430847167969
640px-thumb.jpg,BlaineHouse1.JPG,372.86419677734375,279.59619140625,553.6107788085938,314.4430847167969
640px-thumb.jpg,BlaineHouse1.JPG,381.9179992675781,182.93612670898438,316.0345764160156,167.30213928222656
640px-thumb.jpg,BlaineHouse1.JPG,383.0523376464844,236.57862854003906,373.58648681640625,405.85638427734375
640px-thumb.jpg,BlaineHouse1.JPG,400.2093811035156,118.99181365966797,305.4537658691406,185.9685821533203
640px-thumb.jpg,BlaineHouse1.JPG,405.4302673339844,405.9092102050781,563.7562255859375,226.96548461914062
640px-thumb.jpg,BlaineHouse1.JPG,415.082275390625,596.735107421875,758.4898071289062,368.3881530761719
640px-thumb.jpg,BlaineHouse1.JPG,416.8118591308594,100.09563446044922,383.44293212890625,365.7894287109375
640px-thumb.jpg,BlaineHouse1.JPG,451.1049499511719,115.17835998535156,694.8756103515625,462.37396240234375
640px-thumb.jpg,BlaineHouse1.JPG,452.3983459472656,206.33078002929688,698.6210327148438,445.1430969238281
640px-thumb.jpg,BlaineHouse1.JPG,476.1175231933594,362.8589172363281,458.0245666503906,284.93621826171875
640px-thumb.jpg,BlaineHouse1.JPG,478.8450012207031,366.8247985839844,462.4009094238281,372.9950256347656
640px-thumb.jpg,BlaineHouse1.JPG,526.3779296875,361.1036376953125,462.4009094238281,372.9950256347656
640px-thumb.jpg,BlaineHouse1.JPG,551.89306640625,219.81150817871094,553.6107788085938,314.4430847167969
640px-thumb.jpg,BlaineHouse1.JPG,551.9819946289062,225.4680938720703,553.6107788085938,314.4430847167969
640px-thumb.jpg,BlaineHouse1.JPG,551.9962768554688,231.4257354736328,553.6107788085938,314.4430847167969
640px-thumb.jpg,BlaineHouse1.JPG,629.5362548828125,566.963623046875,96.53118896484375,516.9739379882812
640px-thumb.jpg,BlaineHouse1.JPG,657.467529296875,480.085693359375,102.6844711303711,448.09625244140625
640px-thumb.jpg,BlaineHouse1.JPG,742.9075317382812,346.5578918457031,635.6494750976562,389.9184875488281
640px-thumb.jpg,BlaineHouse1.JPG,753.0942993164062,49.02296829223633,383.44293212890625,365.7894287109375
640px-thumb.jpg,BlaineHouse1.JPG,760.0392456054688,45.40275955200195,383.44293212890625,365.7894287109375
640px-thumb.jpg,"Blaine_House_at_Augusta,_ME_IMG_2041.JPG",36.09149169921875,455.82452392578125,188.55856323242188,501.2819519042969
640px-thumb.jpg,"Blaine_House_at_Augusta,_ME_IMG_2041.JPG",50.54050064086914,497.1209716796875,497.0591125488281,450.88720703125
640px-thumb.jpg,"Blaine_House_at_Augusta,_ME_IMG_2041.JPG",71.84525299072266,427.5396728515625,94.38258361816406,468.4098815917969
640px-thumb.jpg,"Blaine_House_at_Augusta,_ME_IMG_2041.JPG",300.1106872558594,290.38787841796875,484.9053955078125,248.1631622314453
640px-thumb.jpg,"Blaine_House_at_Augusta,_ME_IMG_2041.JPG",321.70587158203125,301.9099426269531,639.9189453125,271.90655517578125
640px-thumb.jpg,"Blaine_House_at_Augusta,_ME_IMG_2041.JPG",352.95050048828125,374.4553527832031,625.8577880859375,232.60592651367188
640px-thumb.jpg,"Blaine_House_at_Augusta,_ME_IMG_2041.JPG",359.5893859863281,332.0950012207031,716.087646484375,272.1935119628906
640px-thumb.jpg,"Blaine_House_at_Augusta,_ME_IMG_2041.JPG",370.88037109375,192.8492431640625,702.837646484375,146.47686767578125
640px-thumb.jpg,"Blaine_House_at_Augusta,_ME_IMG_2041.JPG",371.10784912109375,259.5332336425781,321.133544921875,163.98004150390625
640px-thumb.jpg,"Blaine_House_at_Augusta,_ME_IMG_2041.JPG",374.70745849609375,551.34375,742.3589477539062,59.62641525268555
640px-thumb.jpg,"Blaine_House_at_Augusta,_ME_IMG_2041.JPG",381.9179992675781,182.93612670898438,70.63988494873047,19.17105484008789
640px-thumb.jpg,"Blaine_House_at_Augusta,_ME_IMG_2041.JPG",388.5359191894531,267.480712890625,587.1837768554688,551.8551025390625
640px-thumb.jpg,"Blaine_House_at_Augusta,_ME_IMG_2041.JPG",415.082275390625,596.735107421875,180.3050079345703,129.60931396484375
640px-thumb.jpg,"Blaine_House_at_Augusta,_ME_IMG_2041.JPG",416.600830078125,236.94415283203125,685.9032592773438,264.9502868652344
640px-thumb.jpg,"Blaine_House_at_Augusta,_ME_IMG_2041.JPG",450.6264953613281,154.44390869140625,61.85917282104492,26.517311096191406
640px-thumb.jpg,"Blaine_House_at_Augusta,_ME_IMG_2041.JPG",450.99853515625,163.7981719970703,702.837646484375,146.47686767578125
640px-thumb.jpg,"Blaine_House_at_Augusta,_ME_IMG_2041.JPG",451.433837890625,97.98905181884766,91.57483673095703,30.666257858276367
640px-thumb.jpg,"Blaine_House_at_Augusta,_ME_IMG_2041.JPG",451.433837890625,97.98905181884766,91.57483673095703,30.666257858276367
640px-thumb.jpg,"Blaine_House_at_Augusta,_ME_IMG_2041.JPG",563.1759033203125,17.611738204956055,649.1927490234375,77.23785400390625
640px-thumb.jpg,"Blaine_House_at_Augusta,_ME_IMG_2041.JPG",580.2037353515625,60.115474700927734,300.593505859375,238.14186096191406
640px-thumb.jpg,"Blaine_House_at_Augusta,_ME_IMG_2041.JPG",586.6481323242188,517.97314453125,186.90188598632812,49.06462860107422
640px-thumb.jpg,"Blaine_House_at_Augusta,_ME_IMG_2041.JPG",594.4813842773438,250.07757568359375,253.64349365234375,401.48095703125
640px-thumb.jpg,"Blaine_House_at_Augusta,_ME_IMG_2041.JPG",612.126220703125,248.1343231201172,709.9036865234375,126.36741638183594
640px-thumb.jpg,"Blaine_House_at_Augusta,_ME_IMG_2041.JPG",642.64697265625,21.367277145385742,555.8325805664062,189.54920959472656
640px-thumb.jpg,"Blaine_House_at_Augusta,_ME_IMG_2041.JPG",645.9864501953125,518.25439453125,67.5830307006836,375.76922607421875
640px-thumb.jpg,"Blaine_House_at_Augusta,_ME_IMG_2041.JPG",701.29931640625,541.0341796875,77.66121673583984,419.9786071777344
640px-thumb.jpg,"Blaine_House_at_Augusta,_ME_IMG_2041.JPG",726.0611572265625,49.922611236572266,111.11272430419922,161.858154296875
640px-thumb.jpg,"Blaine_House_at_Augusta,_ME_IMG_2041.JPG",727.034912109375,594.7748413085938,567.75830078125,363.82403564453125
640px-thumb.jpg,"Blaine_House_at_Augusta,_ME_IMG_2041.JPG",731.1474609375,340.73834228515625,180.7581787109375,435.95733642578125
640px-thumb.jpg,"Blaine_House_at_Augusta,_ME_IMG_2041.JPG",754.6843872070312,202.61764526367188,718.9584350585938,103.29852294921875
640px-thumb.jpg,"The_Blaine_House,_Augusta,_Maine.jpg",41.22074508666992,478.8446960449219,92.55350494384766,313.1615295410156
640px-thumb.jpg,"The_Blaine_House,_Augusta,_Maine.jpg",51.18589782714844,461.5294189453125,374.991943359375,471.27716064453125
640px-thumb.jpg,"The_Blaine_House,_Augusta,_Maine.jpg",72.32642364501953,416.9927978515625,374.991943359375,471.27716064453125
640px-thumb.jpg,"The_Blaine_House,_Augusta,_Maine.jpg",170.4414520263672,512.5675048828125,343.6748046875,152.12794494628906
640px-thumb.jpg,"The_Blaine_House,_Augusta,_Maine.jpg",268.7666931152344,545.4983520507812,447.4737548828125,180.93063354492188
640px-thumb.jpg,"The_Blaine_House,_Augusta,_Maine.jpg",276.06500244140625,548.8128662109375,287.9665832519531,481.84130859375
640px-thumb.jpg,"The_Blaine_House,_Augusta,_Maine.jpg",289.6325378417969,300.8299865722656,660.0416259765625,320.4748840332031
640px-thumb.jpg,"The_Blaine_House,_Augusta,_Maine.jpg",296.7793884277344,299.1686706542969,105.67186737060547,311.3927307128906
640px-thumb.jpg,"The_Blaine_House,_Augusta,_Maine.jpg",375.07855224609375,286.79364013671875,371.9466247558594,332.8737487792969
640px-thumb.jpg,"The_Blaine_House,_Augusta,_Maine.jpg",378.5451354980469,287.6960754394531,167.62725830078125,465.46368408203125
640px-thumb.jpg,"The_Blaine_House,_Augusta,_Maine.jpg",381.9179992675781,182.93612670898438,215.2938995361328,33.44318389892578
640px-thumb.jpg,"The_Blaine_House,_Augusta,_Maine.jpg",388.5359191894531,267.480712890625,76.9256591796875,494.2671203613281
640px-thumb.jpg,"The_Blaine_House,_Augusta,_Maine.jpg",400.2093811035156,118.99181365966797,158.577392578125,63.795867919921875
640px-thumb.jpg,"The_Blaine_House,_Augusta,_Maine.jpg",403.9563293457031,119.91461181640625,205.2813720703125,46.0125846862793
640px-thumb.jpg,"The_Blaine_House,_Augusta,_Maine.jpg",416.64453125,223.4478302001953,92.46576690673828,188.18783569335938
640px-thumb.jpg,"The_Blaine_House,_Augusta,_Maine.jpg",418.8241882324219,284.9422302246094,95.12398529052734,246.11415100097656
640px-thumb.jpg,"The_Blaine_House,_Augusta,_Maine.jpg",441.606689453125,107.2086410522461,214.20652770996094,54.38949966430664
640px-thumb.jpg,"The_Blaine_House,_Augusta,_Maine.jpg",455.4969482421875,200.15805053710938,597.0037231445312,83.83831024169922
640px-thumb.jpg,"The_Blaine_House,_Augusta,_Maine.jpg",455.67620849609375,277.33343505859375,24.63437271118164,319.5490417480469
640px-thumb.jpg,"The_Blaine_House,_Augusta,_Maine.jpg",459.73687744140625,272.0632019042969,509.68231201171875,267.0476379394531
640px-thumb.jpg,"The_Blaine_House,_Augusta,_Maine.jpg",464.3514099121094,276.9540100097656,271.05029296875,243.19676208496094
640px-thumb.jpg,"The_Blaine_House,_Augusta,_Maine.jpg",482.4576721191406,262.63055419921875,95.12398529052734,246.11415100097656
640px-thumb.jpg,"The_Blaine_House,_Augusta,_Maine.jpg",482.6595764160156,186.46189880371094,55.125667572021484,194.45135498046875
640px-thumb.jpg,"The_Blaine_House,_Augusta,_Maine.jpg",499.99322509765625,177.62193298339844,597.0037231445312,83.83831024169922
640px-thumb.jpg,"The_Blaine_House,_Augusta,_Maine.jpg",499.99322509765625,177.62193298339844,597.0037231445312,83.83831024169922
640px-thumb.jpg,"The_Blaine_House,_Augusta,_Maine.jpg",502.7138366699219,102.0542221069336,613.33837890625,216.88272094726562
640px-thumb.jpg,"The_Blaine_House,_Augusta,_Maine.jpg",507.23468017578125,528.126708984375,751.862548828125,23.700016021728516
640px-thumb.jpg,"The_Blaine_House,_Augusta,_Maine.jpg",509.59259033203125,262.3955078125,271.05029296875,243.19676208496094
640px-thumb.jpg,"The_Blaine_House,_Augusta,_Maine.jpg",511.6999206542969,103.32390594482422,613.33837890625,216.88272094726562
640px-thumb.jpg,"The_Blaine_House,_Augusta,_Maine.jpg",511.70684814453125,215.1446075439453,272.6593017578125,199.378662109375
640px-thumb.jpg,"The_Blaine_House,_Augusta,_Maine.jpg",527.3955078125,119.3668441772461,526.0093994140625,362.0884704589844
640px-thumb.jpg,"The_Blaine_House,_Augusta,_Maine.jpg",550.6066284179688,295.69512939453125,613.33837890625,216.88272094726562
640px-thumb.jpg,"The_Blaine_House,_Augusta,_Maine.jpg",563.1759033203125,17.611738204956055,144.54896545410156,63.181793212890625
640px-thumb.jpg,"The_Blaine_House,_Augusta,_Maine.jpg",576.2752075195312,539.51416015625,302.8392333984375,305.5459289550781
640px-thumb.jpg,"The_Blaine_House,_Augusta,_Maine.jpg",612.126220703125,248.1343231201172,580.6071166992188,256.8080139160156
640px-thumb.jpg,"The_Blaine_House,_Augusta,_Maine.jpg",616.9795532226562,239.8457794189453,540.9257202148438,364.1234436035156
640px-thumb.jpg,"The_Blaine_House,_Augusta,_Maine.jpg",658.2281494140625,45.22015380859375,539.4063110351562,335.5666809082031
640px-thumb.jpg,"The_Blaine_House,_Augusta,_Maine.jpg",663.1845703125,8.440373420715332,613.33837890625,216.88272094726562
640px-thumb.jpg,"The_Blaine_House,_Augusta,_Maine.jpg",680.21826171875,284.9073181152344,686.0662231445312,232.47140502929688
640px-thumb.jpg,"The_Blaine_House,_Augusta,_Maine.jpg",680.481201171875,306.1692810058594,585.3402709960938,144.05557250976562
640px-thumb.jpg,"The_Blaine_House,_Augusta,_Maine.jpg",715.2255249023438,393.2942810058594,136.02040100097656,304.5426940917969
640px-thumb.jpg,"The_Blaine_House,_Augusta,_Maine.jpg",719.3555908203125,209.55117797851562,540.9257202148438,364.1234436035156
640px-thumb.jpg,"The_Blaine_House,_Augusta,_Maine.jpg",760.0392456054688,45.40275955200195,551.2195434570312,356.5970764160156
640px-thumb.jpg,"The_Blaine_House,_Augusta,_Maine.jpg",768.4148559570312,377.6388244628906,244.612548828125,586.8302001953125
640px-thumb.jpg,"The_Blaine_House,_Augusta,_Maine.jpg",793.1635131835938,243.87228393554688,585.3402709960938,144.05557250976562
640px-thumb.jpg,The_Guy_P._Gannett_House.jpeg.jpg,12.938392639160156,473.28570556640625,59.55169677734375,503.963623046875
640px-thumb.jpg,The_Guy_P._Gannett_House.jpeg.jpg,41.22074508666992,478.8446960449219,683.0616455078125,463.99920654296875
640px-thumb.jpg,The_Guy_P._Gannett_House.jpeg.jpg,139.0819091796875,295.9105529785156,653.3660888671875,377.5228576660156
640px-thumb.jpg,The_Guy_P._Gannett_House.jpeg.jpg,158.25608825683594,298.49237060546875,458.5381774902344,384.82379150390625
640px-thumb.jpg,The_Guy_P._Gannett_House.jpeg.jpg,291.18798828125,353.65350341796875,112.49088287353516,328.5426025390625
640px-thumb.jpg,The_Guy_P._Gannett_House.jpeg.jpg,323.5682373046875,304.65985107421875,554.2382202148438,226.18724060058594
640px-thumb.jpg,The_Guy_P._Gannett_House.jpeg.jpg,357.2304992675781,245.36790466308594,191.65431213378906,267.49346923828125
640px-thumb.jpg,The_Guy_P._Gannett_House.jpeg.jpg,408.9720764160156,421.9750671386719,345.8619689941406,353.9602966308594
640px-thumb.jpg,The_Guy_P._Gannett_House.jpeg.jpg,439.27398681640625,371.6700439453125,528.4744262695312,439.2776184082031
640px-thumb.jpg,The_Guy_P._Gannett_House.jpeg.jpg,441.6875915527344,207.1873321533203,536.1870727539062,122.32931518554688
640px-thumb.jpg,The_Guy_P._Gannett_House.jpeg.jpg,452.27886962890625,234.4431915283203,451.5982971191406,191.99630737304688
640px-thumb.jpg,The_Guy_P._Gannett_House.jpeg.jpg,452.34722900390625,225.3461456298828,451.5982971191406,191.99630737304688
640px-thumb.jpg,The_Guy_P._Gannett_House.jpeg.jpg,491.7237854003906,194.04287719726562,59.55169677734375,503.963623046875
640px-thumb.jpg,The_Guy_P._Gannett_House.jpeg.jpg,580.2037353515625,60.115474700927734,550.2532348632812,578.5049438476562
640px-thumb.jpg,The_Guy_P._Gannett_House.jpeg.jpg,587.9834594726562,483.58111572265625,608.9876708984375,416.0675048828125
640px-thumb.jpg,The_Guy_P._Gannett_House.jpeg.jpg,595.7988891601562,50.39653015136719,550.2532348632812,578.5049438476562
640px-thumb.jpg,The_Guy_P._Gannett_House.jpeg.jpg,616.9795532226562,239.8457794189453,413.4181823730469,575.5604248046875
640px-thumb.jpg,The_Guy_P._Gannett_House.jpeg.jpg,642.64697265625,21.367277145385742,401.1632080078125,482.1846008300781
640px-thumb.jpg,The_Guy_P._Gannett_House.jpeg.jpg,653.5859985351562,95.15853881835938,322.90997314453125,284.0089416503906
640px-thumb.jpg,The_Guy_P._Gannett_House.jpeg.jpg,659.3632202148438,10.607000350952148,378.47271728515625,517.0554809570312
640px-thumb.jpg,The_Guy_P._Gannett_House.jpeg.jpg,663.1845703125,8.440373420715332,378.47271728515625,517.0554809570312
640px-thumb.jpg,The_Guy_P._Gannett_House.jpeg.jpg,696.4114379882812,345.20074462890625,59.55169677734375,503.963623046875
640px-thumb.jpg,The_Guy_P._Gannett_House.jpeg.jpg,701.5524291992188,344.4106140136719,59.55169677734375,503.963623046875
640px-thumb.jpg,The_Guy_P._Gannett_House.jpeg.jpg,705.1204223632812,69.47455596923828,322.90997314453125,284.0089416503906
640px-thumb.jpg,The_Guy_P._Gannett_House.jpeg.jpg,710.3978881835938,350.5583190917969,59.55169677734375,503.963623046875
640px-thumb.jpg,The_Guy_P._Gannett_House.jpeg.jpg,742.9075317382812,346.5578918457031,571.818115234375,441.44976806640625
640px-thumb.jpg,The_Guy_P._Gannett_House.jpeg.jpg,747.6693115234375,587.5565795898438,763.2576293945312,426.4710388183594
640px-thumb.jpg,The_Guy_P._Gannett_House.jpeg.jpg,754.6843872070312,202.61764526367188,56.51790237426758,438.74945068359375
640px-thumb.jpg,The_Guy_P._Gannett_House.jpeg.jpg,761.1902465820312,200.60037231445312,365.0877990722656,386.80474853515625
BlaineHouse1.JPG,"Blaine_House_at_Augusta,_ME_IMG_2041.JPG",140.78851318359375,261.8853759765625,264.8508605957031,145.28773498535156
BlaineHouse1.JPG,"Blaine_House_at_Augusta,_ME_IMG_2041.JPG",217.7726593017578,247.44342041015625,301.99969482421875,148.50082397460938
BlaineHouse1.JPG,"Blaine_House_at_Augusta,_ME_IMG_2041.JPG",218.58299255371094,240.42320251464844,535.161865234375,137.6906280517578
BlaineHouse1.JPG,"Blaine_House_at_Augusta,_ME_IMG_2041.JPG",316.0345764160156,167.30213928222656,70.63988494873047,19.17105484008789
BlaineHouse1.JPG,"Blaine_House_at_Augusta,_ME_IMG_2041.JPG",333.1162414550781,274.9565734863281,303.6618347167969,274.86865234375
BlaineHouse1.JPG,"Blaine_House_at_Augusta,_ME_IMG_2041.JPG",340.78826904296875,582.6464233398438,432.9822082519531,84.0840835571289
BlaineHouse1.JPG,"Blaine_House_at_Augusta,_ME_IMG_2041.JPG",350.4449768066406,275.9761047363281,234.4337615966797,201.18482971191406
BlaineHouse1.JPG,"Blaine_House_at_Augusta,_ME_IMG_2041.JPG",354.7546691894531,277.1289367675781,543.3299560546875,213.08880615234375
BlaineHouse1.JPG,"Blaine_House_at_Augusta,_ME_IMG_2041.JPG",363.6667785644531,317.1602478027344,149.67112731933594,265.9542541503906
BlaineHouse1.JPG,"Blaine_House_at_Augusta,_ME_IMG_2041.JPG",372.5273132324219,380.4814758300781,164.58132934570312,366.1600341796875
BlaineHouse1.JPG,"Blaine_House_at_Augusta,_ME_IMG_2041.JPG",377.5651550292969,380.3982849121094,172.08245849609375,365.5257263183594
BlaineHouse1.JPG,"Blaine_House_at_Augusta,_ME_IMG_2041.JPG",380.1124267578125,377.2677917480469,175.82662963867188,361.318115234375
BlaineHouse1.JPG,"Blaine_House_at_Augusta,_ME_IMG_2041.JPG",388.6689758300781,435.8573913574219,164.58132934570312,366.1600341796875
BlaineHouse1.JPG,"Blaine_House_at_Augusta,_ME_IMG_2041.JPG",393.0148010253906,415.5454406738281,195.17530822753906,422.42889404296875
BlaineHouse1.JPG,"Blaine_House_at_Augusta,_ME_IMG_2041.JPG",393.0148010253906,415.5454406738281,195.17530822753906,422.42889404296875
BlaineHouse1.JPG,"Blaine_House_at_Augusta,_ME_IMG_2041.JPG",395.168701171875,254.94277954101562,386.99639892578125,336.5411376953125
BlaineHouse1.JPG,"Blaine_House_at_Augusta,_ME_IMG_2041.JPG",396.1939697265625,197.83023071289062,186.8955841064453,71.38159942626953
BlaineHouse1.JPG,"Blaine_House_at_Augusta,_ME_IMG_2041.JPG",400.61944580078125,332.9601745605469,207.2801055908203,290.32745361328125
BlaineHouse1.JPG,"Blaine_House_at_Augusta,_ME_IMG_2041.JPG",405.7790222167969,204.0275421142578,200.3428497314453,81.81563568115234
BlaineHouse1.JPG,"Blaine_House_at_Augusta,_ME_IMG_2041.JPG",405.82708740234375,198.41311645507812,200.57000732421875,72.32876586914062
BlaineHouse1.JPG,"Blaine_House_at_Augusta,_ME_IMG_2041.JPG",405.82708740234375,198.41311645507812,200.57000732421875,72.32876586914062
BlaineHouse1.JPG,"Blaine_House_at_Augusta,_ME_IMG_2041.JPG",406.135986328125,276.7871398925781,303.6618347167969,274.86865234375
BlaineHouse1.JPG,"Blaine_House_at_Augusta,_ME_IMG_2041.JPG",409.7699890136719,194.62794494628906,461.84808349609375,83.42335510253906
BlaineHouse1.JPG,"Blaine_House_at_Augusta,_ME_IMG_2041.JPG",409.941650390625,199.52566528320312,207.09957885742188,74.41569519042969
BlaineHouse1.JPG,"Blaine_House_at_Augusta,_ME_IMG_2041.JPG",410.01507568359375,400.8045959472656,221.71502685546875,398.93560791015625
BlaineHouse1.JPG,"Blaine_House_at_Augusta,_ME_IMG_2041.JPG",412.9459228515625,203.93426513671875,211.52716064453125,82.50287628173828
BlaineHouse1.JPG,"Blaine_House_at_Augusta,_ME_IMG_2041.JPG",533.0127563476562,376.5785827636719,389.028564453125,357.29522705078125
BlaineHouse1.JPG,"Blaine_House_at_Augusta,_ME_IMG_2041.JPG",536.84130859375,381.6121520996094,665.81591796875,357.94183349609375
BlaineHouse1.JPG,"Blaine_House_at_Augusta,_ME_IMG_2041.JPG",549.3692626953125,283.2378234863281,390.52288818359375,442.7807312011719
BlaineHouse1.JPG,"Blaine_House_at_Augusta,_ME_IMG_2041.JPG",552.80908203125,210.10511779785156,410.31341552734375,94.74957275390625
BlaineHouse1.JPG,"Blaine_House_at_Augusta,_ME_IMG_2041.JPG",553.6107788085938,314.4430847167969,34.40007781982422,151.5460968017578
BlaineHouse1.JPG,"Blaine_House_at_Augusta,_ME_IMG_2041.JPG",554.905029296875,248.641357421875,523.5110473632812,157.98709106445312
BlaineHouse1.JPG,"Blaine_House_at_Augusta,_ME_IMG_2041.JPG",566.726806640625,387.8636169433594,436.4119567871094,372.22113037109375
BlaineHouse1.JPG,"Blaine_House_at_Augusta,_ME_IMG_2041.JPG",567.3029174804688,408.6755065917969,437.38739013671875,406.8790588378906
BlaineHouse1.JPG,"Blaine_House_at_Augusta,_ME_IMG_2041.JPG",570.6371459960938,381.5823059082031,369.4907531738281,365.40631103515625
BlaineHouse1.JPG,"Blaine_House_at_Augusta,_ME_IMG_2041.JPG",570.6371459960938,381.5823059082031,643.5343017578125,358.5924072265625
BlaineHouse1.JPG,"Blaine_House_at_Augusta,_ME_IMG_2041.JPG",573.1472778320312,376.27142333984375,444.82769775390625,355.9581298828125
BlaineHouse1.JPG,"Blaine_House_at_Augusta,_ME_IMG_2041.JPG",585.265869140625,376.393310546875,389.028564453125,357.29522705078125
BlaineHouse1.JPG,"Blaine_House_at_Augusta,_ME_IMG_2041.JPG",589.6942138671875,203.19207763671875,461.84808349609375,83.42335510253906
BlaineHouse1.JPG,"Blaine_House_at_Augusta,_ME_IMG_2041.JPG",589.6942138671875,203.19207763671875,461.84808349609375,83.42335510253906
BlaineHouse1.JPG,"Blaine_House_at_Augusta,_ME_IMG_2041.JPG",592.2330322265625,386.9822692871094,539.9094848632812,368.7076110839844
BlaineHouse1.JPG,"Blaine_House_at_Augusta,_ME_IMG_2041.JPG",618.0672607421875,386.84747314453125,436.4119567871094,372.22113037109375
BlaineHouse1.JPG,"Blaine_House_at_Augusta,_ME_IMG_2041.JPG",620.7276000976562,439.0255126953125,645.1296997070312,444.2081604003906
BlaineHouse1.JPG,"Blaine_House_at_Augusta,_ME_IMG_2041.JPG",626.10595703125,326.3314514160156,287.464111328125,275.18212890625
BlaineHouse1.JPG,"Blaine_House_at_Augusta,_ME_IMG_2041.JPG",626.8055419921875,322.83367919921875,289.6278076171875,269.1280212402344
BlaineHouse1.JPG,"Blaine_House_at_Augusta,_ME_IMG_2041.JPG",629.2685546875,326.12078857421875,294.2806701660156,274.99163818359375
BlaineHouse1.JPG,"Blaine_House_at_Augusta,_ME_IMG_2041.JPG",635.7017211914062,385.55731201171875,660.0730590820312,364.1089782714844
BlaineHouse1.JPG,"Blaine_House_at_Augusta,_ME_IMG_2041.JPG",642.48779296875,316.1075439453125,26.404603958129883,167.20849609375
BlaineHouse1.JPG,"Blaine_House_at_Augusta,_ME_IMG_2041.JPG",657.0785522460938,230.09024047851562,179.67689514160156,125.56095123291016
BlaineHouse1.JPG,"Blaine_House_at_Augusta,_ME_IMG_2041.JPG",657.0785522460938,230.09024047851562,179.67689514160156,125.56095123291016
BlaineHouse1.JPG,"Blaine_House_at_Augusta,_ME_IMG_2041.JPG",670.0408935546875,23.759233474731445,676.167236328125,477.0226135253906
BlaineHouse1.JPG,"Blaine_House_at_Augusta,_ME_IMG_2041.JPG",671.0621337890625,380.6468505859375,369.4907531738281,365.40631103515625
BlaineHouse1.JPG,"Blaine_House_at_Augusta,_ME_IMG_2041.JPG",671.0621337890625,380.6468505859375,643.5343017578125,358.5924072265625
BlaineHouse1.JPG,"Blaine_House_at_Augusta,_ME_IMG_2041.JPG",678.4457397460938,374.863525390625,522.2140502929688,354.0458068847656
BlaineHouse1.JPG,"Blaine_House_at_Augusta,_ME_IMG_2041.JPG",684.1649780273438,374.9551086425781,389.028564453125,357.29522705078125
BlaineHouse1.JPG,"Blaine_House_at_Augusta,_ME_IMG_2041.JPG",698.8919677734375,455.78509521484375,519.4210205078125,151.11244201660156
BlaineHouse1.JPG,"Blaine_House_at_Augusta,_ME_IMG_2041.JPG",712.103515625,459.0391540527344,44.02988815307617,265.64654541015625
BlaineHouse1.JPG,"Blaine_House_at_Augusta,_ME_IMG_2041.JPG",713.0333251953125,448.1455078125,456.0736999511719,86.44557189941406
BlaineHouse1.JPG,"Blaine_House_at_Augusta,_ME_IMG_2041.JPG",727.1787109375,153.6255340576172,44.02988815307617,265.64654541015625
BlaineHouse1.JPG,"Blaine_House_at_Augusta,_ME_IMG_2041.JPG",762.1695556640625,73.20745849609375,44.02988815307617,265.64654541015625
BlaineHouse1.JPG,"The_Blaine_House,_Augusta,_Maine.jpg",131.07691955566406,214.0550537109375,447.4737548828125,180.93063354492188
BlaineHouse1.JPG,"The_Blaine_House,_Augusta,_Maine.jpg",265.2172546386719,554.9708862304688,359.8692626953125,157.04261779785156
BlaineHouse1.JPG,"The_Blaine_House,_Augusta,_Maine.jpg",271.9018859863281,300.1460266113281,487.9129333496094,242.59727478027344
BlaineHouse1.JPG,"The_Blaine_House,_Augusta,_Maine.jpg",275.4120178222656,248.1645050048828,613.33837890625,216.88272094726562
BlaineHouse1.JPG,"The_Blaine_House,_Augusta,_Maine.jpg",281.5736999511719,248.45989990234375,613.33837890625,216.88272094726562
BlaineHouse1.JPG,"The_Blaine_House,_Augusta,_Maine.jpg",281.5736999511719,248.45989990234375,613.33837890625,216.88272094726562
BlaineHouse1.JPG,"The_Blaine_House,_Augusta,_Maine.jpg",309.01226806640625,181.58908081054688,585.3402709960938,144.05557250976562
BlaineHouse1.JPG,"The_Blaine_House,_Augusta,_Maine.jpg",321.8180236816406,504.87298583984375,56.96658706665039,541.11376953125
BlaineHouse1.JPG,"The_Blaine_House,_Augusta,_Maine.jpg",342.8067321777344,201.62088012695312,422.0652770996094,234.07301330566406
BlaineHouse1.JPG,"The_Blaine_House,_Augusta,_Maine.jpg",349.561767578125,313.2947082519531,109.73193359375,316.0697021484375
BlaineHouse1.JPG,"The_Blaine_House,_Augusta,_Maine.jpg",354.7546691894531,277.1289367675781,492.07489013671875,223.0742645263672
BlaineHouse1.JPG,"The_Blaine_House,_Augusta,_Maine.jpg",355.1455078125,310.9465637207031,102.49705505371094,315.95172119140625
BlaineHouse1.JPG,"The_Blaine_House,_Augusta,_Maine.jpg",373.58648681640625,405.85638427734375,313.76422119140625,169.82699584960938
BlaineHouse1.JPG,"The_Blaine_House,_Augusta,_Maine.jpg",402.7995910644531,171.62318420410156,304.5652160644531,62.438716888427734
BlaineHouse1.JPG,"The_Blaine_House,_Augusta,_Maine.jpg",421.76226806640625,311.4051818847656,487.9129333496094,242.59727478027344
BlaineHouse1.JPG,"The_Blaine_House,_Augusta,_Maine.jpg",455.210693359375,253.0144500732422,613.33837890625,216.88272094726562
BlaineHouse1.JPG,"The_Blaine_House,_Augusta,_Maine.jpg",467.19036865234375,373.9431457519531,67.35131072998047,322.9242248535156
BlaineHouse1.JPG,"The_Blaine_House,_Augusta,_Maine.jpg",484.3428649902344,253.85789489746094,613.33837890625,216.88272094726562
BlaineHouse1.JPG,"The_Blaine_House,_Augusta,_Maine.jpg",489.6587829589844,304.59619140625,422.0652770996094,234.07301330566406
BlaineHouse1.JPG,"The_Blaine_House,_Augusta,_Maine.jpg",519.8261108398438,287.4375915527344,440.97857666015625,313.57464599609375
BlaineHouse1.JPG,"The_Blaine_House,_Augusta,_Maine.jpg",534.4059448242188,430.364990234375,377.5343017578125,312.5360412597656
BlaineHouse1.JPG,"The_Blaine_House,_Augusta,_Maine.jpg",534.4059448242188,430.364990234375,377.5343017578125,312.5360412597656
BlaineHouse1.JPG,"The_Blaine_House,_Augusta,_Maine.jpg",561.45068359375,576.0911865234375,346.4842224121094,339.1266174316406
BlaineHouse1.JPG,"The_Blaine_House,_Augusta,_Maine.jpg",567.3029174804688,408.6755065917969,371.9466247558594,332.8737487792969
BlaineHouse1.JPG,"The_Blaine_House,_Augusta,_Maine.jpg",583.6636352539062,200.0087127685547,590.97802734375,472.6061096191406
BlaineHouse1.JPG,"The_Blaine_House,_Augusta,_Maine.jpg",586.9651489257812,428.9818115234375,377.5343017578125,312.5360412597656
BlaineHouse1.JPG,"The_Blaine_House,_Augusta,_Maine.jpg",593.7042846679688,417.027587890625,544.1171875,249.91946411132812
BlaineHouse1.JPG,"The_Blaine_House,_Augusta,_Maine.jpg",597.5264282226562,288.6758117675781,509.68231201171875,267.0476379394531
BlaineHouse1.JPG,"The_Blaine_House,_Augusta,_Maine.jpg",616.0845947265625,262.50714111328125,509.931640625,364.470703125
BlaineHouse1.JPG,"The_Blaine_House,_Augusta,_Maine.jpg",616.3191528320312,288.43695068359375,242.4668426513672,231.58522033691406
BlaineHouse1.JPG,"The_Blaine_House,_Augusta,_Maine.jpg",622.4259033203125,411.9043884277344,722.9639282226562,298.5654296875
BlaineHouse1.JPG,"The_Blaine_House,_Augusta,_Maine.jpg",629.1826782226562,524.4202270507812,293.0508728027344,578.8092041015625
BlaineHouse1.JPG,"The_Blaine_House,_Augusta,_Maine.jpg",637.5425415039062,352.4483947753906,359.8692626953125,157.04261779785156
BlaineHouse1.JPG,"The_Blaine_House,_Augusta,_Maine.jpg",647.4349975585938,529.148193359375,359.8692626953125,157.04261779785156
BlaineHouse1.JPG,"The_Blaine_House,_Augusta,_Maine.jpg",654.9126586914062,372.18084716796875,520.056396484375,377.87799072265625
BlaineHouse1.JPG,"The_Blaine_House,_Augusta,_Maine.jpg",658.35986328125,526.9031372070312,355.18670654296875,153.51065063476562
BlaineHouse1.JPG,"The_Blaine_House,_Augusta,_Maine.jpg",665.9467163085938,86.58184814453125,291.3042297363281,134.29525756835938
BlaineHouse1.JPG,"The_Blaine_House,_Augusta,_Maine.jpg",678.1829833984375,530.7206420898438,359.8692626953125,157.04261779785156
BlaineHouse1.JPG,"The_Blaine_House,_Augusta,_Maine.jpg",684.018310546875,370.4523620605469,543.6626586914062,177.8037872314453
BlaineHouse1.JPG,The_Guy_P._Gannett_House.jpeg.jpg,105.079345703125,512.2868041992188,447.2207336425781,432.2101135253906
BlaineHouse1.JPG,The_Guy_P._Gannett_House.jpeg.jpg,126.85586547851562,241.03152465820312,337.3856201171875,164.0145263671875
BlaineHouse1.JPG,The_Guy_P._Gannett_House.jpeg.jpg,146.78187561035156,269.7795104980469,211.50650024414062,385.5608825683594
BlaineHouse1.JPG,The_Guy_P._Gannett_House.jpeg.jpg,173.62319946289062,524.5858154296875,421.83978271484375,148.27947998046875
BlaineHouse1.JPG,The_Guy_P._Gannett_House.jpeg.jpg,182.62997436523438,504.8699951171875,138.06845092773438,365.1632080078125
BlaineHouse1.JPG,The_Guy_P._Gannett_House.jpeg.jpg,213.56301879882812,263.31170654296875,119.8939208984375,310.052490234375
BlaineHouse1.JPG,The_Guy_P._Gannett_House.jpeg.jpg,231.8360137939453,501.9294128417969,15.568740844726562,575.0416870117188
BlaineHouse1.JPG,The_Guy_P._Gannett_House.jpeg.jpg,240.18878173828125,498.93463134765625,703.0205078125,219.3523712158203
BlaineHouse1.JPG,The_Guy_P._Gannett_House.jpeg.jpg,242.56219482421875,293.9469299316406,345.522216796875,143.60560607910156
BlaineHouse1.JPG,The_Guy_P._Gannett_House.jpeg.jpg,257.4248962402344,275.2803955078125,276.1337890625,216.05599975585938
BlaineHouse1.JPG,The_Guy_P._Gannett_House.jpeg.jpg,269.1532287597656,521.0496215820312,703.2335205078125,381.2479553222656
BlaineHouse1.JPG,The_Guy_P._Gannett_House.jpeg.jpg,312.92547607421875,208.85084533691406,560.1266479492188,123.89735412597656
BlaineHouse1.JPG,The_Guy_P._Gannett_House.jpeg.jpg,325.04541015625,276.0240783691406,438.57525634765625,223.0270538330078
BlaineHouse1.JPG,The_Guy_P._Gannett_House.jpeg.jpg,326.3231506347656,517.1401977539062,300.3725280761719,457.6941833496094
BlaineHouse1.JPG,The_Guy_P._Gannett_House.jpeg.jpg,327.8403625488281,514.3856201171875,703.0205078125,219.3523712158203
BlaineHouse1.JPG,The_Guy_P._Gannett_House.jpeg.jpg,327.9134216308594,461.5206604003906,561.58251953125,244.38662719726562
BlaineHouse1.JPG,The_Guy_P._Gannett_House.jpeg.jpg,347.53619384765625,451.29058837890625,423.6180419921875,132.94650268554688
BlaineHouse1.JPG,The_Guy_P._Gannett_House.jpeg.jpg,348.3160095214844,214.62733459472656,554.2382202148438,226.18724060058594
BlaineHouse1.JPG,The_Guy_P._Gannett_House.jpeg.jpg,348.479248046875,408.45623779296875,59.55169677734375,503.963623046875
BlaineHouse1.JPG,The_Guy_P._Gannett_House.jpeg.jpg,348.4896545410156,412.0212707519531,59.55169677734375,503.963623046875
BlaineHouse1.JPG,The_Guy_P._Gannett_House.jpeg.jpg,354.7546691894531,277.1289367675781,554.2382202148438,226.18724060058594
BlaineHouse1.JPG,The_Guy_P._Gannett_House.jpeg.jpg,365.1567687988281,207.49807739257812,283.97882080078125,370.3736572265625
BlaineHouse1.JPG,The_Guy_P._Gannett_House.jpeg.jpg,383.19879150390625,300.2037353515625,158.85098266601562,305.5499267578125
BlaineHouse1.JPG,The_Guy_P._Gannett_House.jpeg.jpg,402.2499694824219,300.2787780761719,226.79905700683594,366.5994567871094
BlaineHouse1.JPG,The_Guy_P._Gannett_House.jpeg.jpg,412.60546875,223.96823120117188,535.501953125,178.53392028808594
BlaineHouse1.JPG,The_Guy_P._Gannett_House.jpeg.jpg,414.86407470703125,213.90660095214844,163.0311737060547,292.51580810546875
BlaineHouse1.JPG,The_Guy_P._Gannett_House.jpeg.jpg,435.88604736328125,306.6219177246094,200.0358123779297,221.37158203125
BlaineHouse1.JPG,The_Guy_P._Gannett_House.jpeg.jpg,444.6359558105469,353.5353698730469,406.3766784667969,125.35468292236328
BlaineHouse1.JPG,The_Guy_P._Gannett_House.jpeg.jpg,492.5351257324219,285.9322509765625,105.50798797607422,576.2664794921875
BlaineHouse1.JPG,The_Guy_P._Gannett_House.jpeg.jpg,549.8258056640625,295.9498291015625,235.228271484375,222.5850830078125
BlaineHouse1.JPG,The_Guy_P._Gannett_House.jpeg.jpg,558.3171997070312,400.323486328125,62.428672790527344,454.4173278808594
BlaineHouse1.JPG,The_Guy_P._Gannett_House.jpeg.jpg,599.7007446289062,504.0343017578125,204.24488830566406,184.87721252441406
BlaineHouse1.JPG,The_Guy_P._Gannett_House.jpeg.jpg,635.6494750976562,389.9184875488281,571.818115234375,441.44976806640625
BlaineHouse1.JPG,The_Guy_P._Gannett_House.jpeg.jpg,643.8638305664062,19.085519790649414,607.37109375,271.36334228515625
BlaineHouse1.JPG,The_Guy_P._Gannett_House.jpeg.jpg,646.53173828125,332.86529541015625,619.2225341796875,270.7923583984375
BlaineHouse1.JPG,The_Guy_P._Gannett_House.jpeg.jpg,649.600830078125,193.27101135253906,158.7767333984375,190.4771270751953
BlaineHouse1.JPG,The_Guy_P._Gannett_House.jpeg.jpg,655.5633544921875,205.46214294433594,79.49972534179688,325.49322509765625
BlaineHouse1.JPG,The_Guy_P._Gannett_House.jpeg.jpg,668.1263427734375,404.8829650878906,686.0252685546875,581.3657836914062
BlaineHouse1.JPG,The_Guy_P._Gannett_House.jpeg.jpg,681.7288818359375,466.24249267578125,549.7699584960938,306.7449035644531
BlaineHouse1.JPG,The_Guy_P._Gannett_House.jpeg.jpg,719.70166015625,445.9342041015625,207.9608917236328,394.54705810546875
BlaineHouse1.JPG,The_Guy_P._Gannett_House.jpeg.jpg,727.1787109375,153.6255340576172,753.4525756835938,350.1492614746094
BlaineHouse1.JPG,The_Guy_P._Gannett_House.jpeg.jpg,773.553466796875,240.2147979736328,69.98745727539062,572.7926025390625
BlaineHouse1.JPG,The_Guy_P._Gannett_House.jpeg.jpg,788.0388793945312,512.8635864257812,790.465576171875,224.6845245361328
"Blaine_House_at_Augusta,_ME_IMG_2041.JPG","The_Blaine_House,_Augusta,_Maine.jpg",13.393997192382812,531.2470092773438,412.3528747558594,458.8381652832031
"Blaine_House_at_Augusta,_ME_IMG_2041.JPG","The_Blaine_House,_Augusta,_Maine.jpg",37.42560577392578,393.4659423828125,276.92181396484375,411.556396484375
"Blaine_House_at_Augusta,_ME_IMG_2041.JPG","The_Blaine_House,_Augusta,_Maine.jpg",40.28374099731445,138.5976104736328,320.8391418457031,459.5068054199219
"Blaine_House_at_Augusta,_ME_IMG_2041.JPG","The_Blaine_House,_Augusta,_Maine.jpg",41.8256721496582,283.4268493652344,737.3418579101562,31.85866355895996
"Blaine_House_at_Augusta,_ME_IMG_2041.JPG","The_Blaine_House,_Augusta,_Maine.jpg",96.68800354003906,416.5904541015625,362.0347900390625,203.04417419433594
"Blaine_House_at_Augusta,_ME_IMG_2041.JPG","The_Blaine_House,_Augusta,_Maine.jpg",110.40037536621094,280.9815368652344,725.7925415039062,155.7855987548828
"Blaine_House_at_Augusta,_ME_IMG_2041.JPG","The_Blaine_House,_Augusta,_Maine.jpg",126.86463928222656,202.4664764404297,292.3633728027344,185.45062255859375
"Blaine_House_at_Augusta,_ME_IMG_2041.JPG","The_Blaine_House,_Augusta,_Maine.jpg",129.89776611328125,198.55177307128906,410.9241943359375,202.66604614257812
"Blaine_House_at_Augusta,_ME_IMG_2041.JPG","The_Blaine_House,_Augusta,_Maine.jpg",129.98358154296875,194.94105529785156,231.6865997314453,166.93768310546875
"Blaine_House_at_Augusta,_ME_IMG_2041.JPG","The_Blaine_House,_Augusta,_Maine.jpg",129.98358154296875,194.94105529785156,231.6865997314453,166.93768310546875
"Blaine_House_at_Augusta,_ME_IMG_2041.JPG","The_Blaine_House,_Augusta,_Maine.jpg",131.24171447753906,158.0190887451172,613.33837890625,216.88272094726562
"Blaine_House_at_Augusta,_ME_IMG_2041.JPG","The_Blaine_House,_Augusta,_Maine.jpg",131.24171447753906,158.0190887451172,613.33837890625,216.88272094726562
"Blaine_House_at_Augusta,_ME_IMG_2041.JPG","The_Blaine_House,_Augusta,_Maine.jpg",134.01290893554688,389.1798095703125,131.12249755859375,378.2115783691406
"Blaine_House_at_Augusta,_ME_IMG_2041.JPG","The_Blaine_House,_Augusta,_Maine.jpg",139.77288818359375,158.1728515625,613.33837890625,216.88272094726562
"Blaine_House_at_Augusta,_ME_IMG_2041.JPG","The_Blaine_House,_Augusta,_Maine.jpg",139.77288818359375,158.1728515625,613.33837890625,216.88272094726562
"Blaine_House_at_Augusta,_ME_IMG_2041.JPG","The_Blaine_House,_Augusta,_Maine.jpg",143.4109344482422,165.63035583496094,460.6557922363281,194.14964294433594
"Blaine_House_at_Augusta,_ME_IMG_2041.JPG","The_Blaine_House,_Augusta,_Maine.jpg",144.2751007080078,85.81774139404297,25.3085880279541,224.84707641601562
"Blaine_House_at_Augusta,_ME_IMG_2041.JPG","The_Blaine_House,_Augusta,_Maine.jpg",148.8848419189453,199.9020538330078,393.1621398925781,133.23333740234375
"Blaine_House_at_Augusta,_ME_IMG_2041.JPG","The_Blaine_House,_Augusta,_Maine.jpg",155.0921630859375,158.6964874267578,613.33837890625,216.88272094726562
"Blaine_House_at_Augusta,_ME_IMG_2041.JPG","The_Blaine_House,_Augusta,_Maine.jpg",155.0921630859375,158.6964874267578,613.33837890625,216.88272094726562
"Blaine_House_at_Augusta,_ME_IMG_2041.JPG","The_Blaine_House,_Augusta,_Maine.jpg",155.5839080810547,81.48685455322266,25.3085880279541,224.84707641601562
"Blaine_House_at_Augusta,_ME_IMG_2041.JPG","The_Blaine_House,_Augusta,_Maine.jpg",158.63429260253906,97.52674865722656,634.981689453125,154.0082244873047
"Blaine_House_at_Augusta,_ME_IMG_2041.JPG","The_Blaine_House,_Augusta,_Maine.jpg",174.5145263671875,456.9747314453125,479.7696533203125,333.02398681640625
"Blaine_House_at_Augusta,_ME_IMG_2041.JPG","The_Blaine_House,_Augusta,_Maine.jpg",177.37257385253906,159.4361114501953,613.33837890625,216.88272094726562
"Blaine_House_at_Augusta,_ME_IMG_2041.JPG","The_Blaine_House,_Augusta,_Maine.jpg",177.37257385253906,159.4361114501953,613.33837890625,216.88272094726562
"Blaine_House_at_Augusta,_ME_IMG_2041.JPG","The_Blaine_House,_Augusta,_Maine.jpg",181.42333984375,456.432373046875,24.63437271118164,319.5490417480469
"Blaine_House_at_Augusta,_ME_IMG_2041.JPG","The_Blaine_House,_Augusta,_Maine.jpg",194.4264373779297,38.168399810791016,297.53619384765625,68.23076629638672
"Blaine_House_at_Augusta,_ME_IMG_2041.JPG","The_Blaine_House,_Augusta,_Maine.jpg",195.26144409179688,160.0119171142578,613.33837890625,216.88272094726562
"Blaine_House_at_Augusta,_ME_IMG_2041.JPG","The_Blaine_House,_Augusta,_Maine.jpg",195.26144409179688,160.0119171142578,613.33837890625,216.88272094726562
"Blaine_House_at_Augusta,_ME_IMG_2041.JPG","The_Blaine_House,_Augusta,_Maine.jpg",196.2008056640625,455.4634094238281,25.15250015258789,200.48155212402344
"Blaine_House_at_Augusta,_ME_IMG_2041.JPG","The_Blaine_House,_Augusta,_Maine.jpg",196.2008056640625,455.4634094238281,250.07595825195312,306.3768005371094
"Blaine_House_at_Augusta,_ME_IMG_2041.JPG","The_Blaine_House,_Augusta,_Maine.jpg",200.6226348876953,29.32196807861328,304.5652160644531,62.438716888427734
"Blaine_House_at_Augusta,_ME_IMG_2041.JPG","The_Blaine_House,_Augusta,_Maine.jpg",206.50474548339844,197.08436584472656,209.46591186523438,162.59054565429688
"Blaine_House_at_Augusta,_ME_IMG_2041.JPG","The_Blaine_House,_Augusta,_Maine.jpg",207.0167999267578,240.51258850097656,487.9129333496094,242.59727478027344
"Blaine_House_at_Augusta,_ME_IMG_2041.JPG","The_Blaine_House,_Augusta,_Maine.jpg",208.4762725830078,195.1353759765625,358.3834228515625,190.4701690673828
"Blaine_House_at_Augusta,_ME_IMG_2041.JPG","The_Blaine_House,_Augusta,_Maine.jpg",215.83477783203125,160.58981323242188,613.33837890625,216.88272094726562
"Blaine_House_at_Augusta,_ME_IMG_2041.JPG","The_Blaine_House,_Augusta,_Maine.jpg",238.7962646484375,161.2224578857422,613.33837890625,216.88272094726562
"Blaine_House_at_Augusta,_ME_IMG_2041.JPG","The_Blaine_House,_Augusta,_Maine.jpg",238.7962646484375,161.2224578857422,613.33837890625,216.88272094726562
"Blaine_House_at_Augusta,_ME_IMG_2041.JPG","The_Blaine_House,_Augusta,_Maine.jpg",238.93508911132812,201.5531768798828,297.8860168457031,183.0605926513672
"Blaine_House_at_Augusta,_ME_IMG_2041.JPG","The_Blaine_House,_Augusta,_Maine.jpg",248.67945861816406,389.07489013671875,261.4403991699219,340.3048400878906
"Blaine_House_at_Augusta,_ME_IMG_2041.JPG","The_Blaine_House,_Augusta,_Maine.jpg",248.888671875,395.0078125,25.3085880279541,224.84707641601562
"Blaine_House_at_Augusta,_ME_IMG_2041.JPG","The_Blaine_House,_Augusta,_Maine.jpg",253.4864044189453,241.54953002929688,308.52813720703125,218.16835021972656
"Blaine_House_at_Augusta,_ME_IMG_2041.JPG","The_Blaine_House,_Augusta,_Maine.jpg",254.40444946289062,265.12750244140625,136.52354431152344,374.953857421875
"Blaine_House_at_Augusta,_ME_IMG_2041.JPG","The_Blaine_House,_Augusta,_Maine.jpg",258.43927001953125,394.78387451171875,261.4403991699219,340.3048400878906
"Blaine_House_at_Augusta,_ME_IMG_2041.JPG","The_Blaine_House,_Augusta,_Maine.jpg",283.1349792480469,274.26861572265625,204.79873657226562,232.14503479003906
"Blaine_House_at_Augusta,_ME_IMG_2041.JPG","The_Blaine_House,_Augusta,_Maine.jpg",285.7191467285156,204.72470092773438,208.38427734375,167.90438842773438
"Blaine_House_at_Augusta,_ME_IMG_2041.JPG","The_Blaine_House,_Augusta,_Maine.jpg",287.464111328125,275.18212890625,208.1855926513672,233.48245239257812
"Blaine_House_at_Augusta,_ME_IMG_2041.JPG","The_Blaine_House,_Augusta,_Maine.jpg",301.4302062988281,270.484375,261.4403991699219,340.3048400878906
"Blaine_House_at_Augusta,_ME_IMG_2041.JPG","The_Blaine_House,_Augusta,_Maine.jpg",304.9473571777344,151.89991760253906,132.40931701660156,453.3395080566406
"Blaine_House_at_Augusta,_ME_IMG_2041.JPG","The_Blaine_House,_Augusta,_Maine.jpg",311.9654235839844,161.54478454589844,551.8638305664062,309.60894775390625
"Blaine_House_at_Augusta,_ME_IMG_2041.JPG","The_Blaine_House,_Augusta,_Maine.jpg",312.7153015136719,202.14837646484375,410.9241943359375,202.66604614257812
"Blaine_House_at_Augusta,_ME_IMG_2041.JPG","The_Blaine_House,_Augusta,_Maine.jpg",332.1199951171875,270.1319885253906,136.52210998535156,379.3564147949219
"Blaine_House_at_Augusta,_ME_IMG_2041.JPG","The_Blaine_House,_Augusta,_Maine.jpg",341.54766845703125,234.576171875,180.1108856201172,247.08935546875
"Blaine_House_at_Augusta,_ME_IMG_2041.JPG","The_Blaine_House,_Augusta,_Maine.jpg",342.5328674316406,257.0803527832031,180.1108856201172,247.08935546875
"Blaine_House_at_Augusta,_ME_IMG_2041.JPG","The_Blaine_House,_Augusta,_Maine.jpg",342.5328674316406,257.0803527832031,180.1108856201172,247.08935546875
"Blaine_House_at_Augusta,_ME_IMG_2041.JPG","The_Blaine_House,_Augusta,_Maine.jpg",345.3471374511719,329.8410949707031,180.1108856201172,247.08935546875
"Blaine_House_at_Augusta,_ME_IMG_2041.JPG","The_Blaine_House,_Augusta,_Maine.jpg",355.6311340332031,277.505615234375,258.98065185546875,239.6861114501953
"Blaine_House_at_Augusta,_ME_IMG_2041.JPG","The_Blaine_House,_Augusta,_Maine.jpg",359.10443115234375,322.6153259277344,440.97857666015625,313.57464599609375
"Blaine_House_at_Augusta,_ME_IMG_2041.JPG","The_Blaine_House,_Augusta,_Maine.jpg",369.4862365722656,207.17930603027344,105.8477554321289,307.6103820800781
"Blaine_House_at_Augusta,_ME_IMG_2041.JPG","The_Blaine_House,_Augusta,_Maine.jpg",376.4114074707031,443.26629638671875,540.8023071289062,195.3466796875
"Blaine_House_at_Augusta,_ME_IMG_2041.JPG","The_Blaine_House,_Augusta,_Maine.jpg",388.5429992675781,349.0808410644531,313.76422119140625,169.82699584960938
"Blaine_House_at_Augusta,_ME_IMG_2041.JPG","The_Blaine_House,_Augusta,_Maine.jpg",389.016845703125,402.06988525390625,421.93463134765625,228.08802795410156
"Blaine_House_at_Augusta,_ME_IMG_2041.JPG","The_Blaine_House,_Augusta,_Maine.jpg",390.52288818359375,442.7807312011719,281.75494384765625,306.0667419433594
"Blaine_House_at_Augusta,_ME_IMG_2041.JPG","The_Blaine_House,_Augusta,_Maine.jpg",395.72039794921875,239.5778350830078,23.881792068481445,330.3023986816406
"Blaine_House_at_Augusta,_ME_IMG_2041.JPG","The_Blaine_House,_Augusta,_Maine.jpg",396.0781555175781,357.9859313964844,18.3822078704834,346.3553161621094
"Blaine_House_at_Augusta,_ME_IMG_2041.JPG","The_Blaine_House,_Augusta,_Maine.jpg",399.0622253417969,442.59539794921875,18.3822078704834,346.3553161621094
"Blaine_House_at_Augusta,_ME_IMG_2041.JPG","The_Blaine_House,_Augusta,_Maine.jpg",409.729736328125,271.7726135253906,457.7623291015625,261.5534362792969
"Blaine_House_at_Augusta,_ME_IMG_2041.JPG","The_Blaine_House,_Augusta,_Maine.jpg",411.9577941894531,80.10832214355469,393.1621398925781,133.23333740234375
"Blaine_House_at_Augusta,_ME_IMG_2041.JPG","The_Blaine_House,_Augusta,_Maine.jpg",415.3451843261719,273.0098571777344,136.52210998535156,379.3564147949219
"Blaine_House_at_Augusta,_ME_IMG_2041.JPG","The_Blaine_House,_Augusta,_Maine.jpg",420.9303283691406,75.4238052368164,404.28436279296875,129.51268005371094
"Blaine_House_at_Augusta,_ME_IMG_2041.JPG","The_Blaine_House,_Augusta,_Maine.jpg",422.6997375488281,78.94136047363281,405.48553466796875,132.40823364257812
"Blaine_House_at_Augusta,_ME_IMG_2041.JPG","The_Blaine_House,_Augusta,_Maine.jpg",427.95172119140625,279.52001953125,187.3057098388672,232.32949829101562
"Blaine_House_at_Augusta,_ME_IMG_2041.JPG","The_Blaine_House,_Augusta,_Maine.jpg",430.216796875,247.2538604736328,459.3961181640625,226.59378051757812
"Blaine_House_at_Augusta,_ME_IMG_2041.JPG","The_Blaine_House,_Augusta,_Maine.jpg",433.6099548339844,341.6196594238281,472.2916259765625,312.6521301269531
"Blaine_House_at_Augusta,_ME_IMG_2041.JPG","The_Blaine_House,_Augusta,_Maine.jpg",434.1886291503906,427.4418640136719,565.8798217773438,171.38955688476562
"Blaine_House_at_Augusta,_ME_IMG_2041.JPG","The_Blaine_House,_Augusta,_Maine.jpg",435.55633544921875,400.1390686035156,421.93463134765625,228.08802795410156
"Blaine_House_at_Augusta,_ME_IMG_2041.JPG","The_Blaine_House,_Augusta,_Maine.jpg",436.05126953125,414.815185546875,421.93463134765625,228.08802795410156
"Blaine_House_at_Augusta,_ME_IMG_2041.JPG","The_Blaine_House,_Augusta,_Maine.jpg",436.6805419921875,429.6729431152344,421.93463134765625,228.08802795410156
"Blaine_House_at_Augusta,_ME_IMG_2041.JPG","The_Blaine_House,_Augusta,_Maine.jpg",442.75518798828125,356.9187316894531,18.3822078704834,346.3553161621094
"Blaine_House_at_Augusta,_ME_IMG_2041.JPG","The_Blaine_House,_Augusta,_Maine.jpg",451.1794128417969,347.1076965332031,478.7911071777344,317.607421875
"Blaine_House_at_Augusta,_ME_IMG_2041.JPG","The_Blaine_House,_Augusta,_Maine.jpg",451.5628967285156,356.4600524902344,18.3822078704834,346.3553161621094
"Blaine_House_at_Augusta,_ME_IMG_2041.JPG","The_Blaine_House,_Augusta,_Maine.jpg",452.6959533691406,348.0035095214844,313.76422119140625,169.82699584960938
"Blaine_House_at_Augusta,_ME_IMG_2041.JPG","The_Blaine_House,_Augusta,_Maine.jpg",459.5998229980469,346.9972839355469,478.7911071777344,317.607421875
"Blaine_House_at_Augusta,_ME_IMG_2041.JPG","The_Blaine_House,_Augusta,_Maine.jpg",461.1416320800781,347.93780517578125,313.76422119140625,169.82699584960938
"Blaine_House_at_Augusta,_ME_IMG_2041.JPG","The_Blaine_House,_Augusta,_Maine.jpg",461.2049560546875,399.2033386230469,421.93463134765625,228.08802795410156
"Blaine_House_at_Augusta,_ME_IMG_2041.JPG","The_Blaine_House,_Augusta,_Maine.jpg",461.88067626953125,413.9559020996094,421.93463134765625,228.08802795410156
"Blaine_House_at_Augusta,_ME_IMG_2041.JPG","The_Blaine_House,_Augusta,_Maine.jpg",462.5547180175781,428.725830078125,421.93463134765625,228.08802795410156
"Blaine_House_at_Augusta,_ME_IMG_2041.JPG","The_Blaine_House,_Augusta,_Maine.jpg",468.860107421875,347.22540283203125,483.5370178222656,317.92047119140625
"Blaine_House_at_Augusta,_ME_IMG_2041.JPG","The_Blaine_House,_Augusta,_Maine.jpg",474.9634094238281,238.7862091064453,237.46337890625,198.80311584472656
"Blaine_House_at_Augusta,_ME_IMG_2041.JPG","The_Blaine_House,_Augusta,_Maine.jpg",481.3812561035156,272.00927734375,496.0486755371094,266.18695068359375
"Blaine_House_at_Augusta,_ME_IMG_2041.JPG","The_Blaine_House,_Augusta,_Maine.jpg",498.2017822265625,210.90887451171875,257.74371337890625,175.59512329101562
"Blaine_House_at_Augusta,_ME_IMG_2041.JPG","The_Blaine_House,_Augusta,_Maine.jpg",498.6017761230469,275.54058837890625,92.53751373291016,382.47186279296875
"Blaine_House_at_Augusta,_ME_IMG_2041.JPG","The_Blaine_House,_Augusta,_Maine.jpg",501.3844909667969,277.35797119140625,258.98065185546875,239.6861114501953
"Blaine_House_at_Augusta,_ME_IMG_2041.JPG","The_Blaine_House,_Augusta,_Maine.jpg",504.811279296875,340.3722229003906,472.2916259765625,312.6521301269531
"Blaine_House_at_Augusta,_ME_IMG_2041.JPG","The_Blaine_House,_Augusta,_Maine.jpg",509.9574890136719,210.4766845703125,236.10830688476562,302.69427490234375
"Blaine_House_at_Augusta,_ME_IMG_2041.JPG","The_Blaine_House,_Augusta,_Maine.jpg",513.301513671875,210.62054443359375,105.8477554321289,307.6103820800781
"Blaine_House_at_Augusta,_ME_IMG_2041.JPG","The_Blaine_House,_Augusta,_Maine.jpg",519.2767333984375,461.17462158203125,440.63482666015625,38.95894241333008
"Blaine_House_at_Augusta,_ME_IMG_2041.JPG","The_Blaine_House,_Augusta,_Maine.jpg",519.317138671875,514.4998168945312,94.70927429199219,254.8932342529297
"Blaine_House_at_Augusta,_ME_IMG_2041.JPG","The_Blaine_House,_Augusta,_Maine.jpg",521.890625,346.76617431640625,313.76422119140625,169.82699584960938
"Blaine_House_at_Augusta,_ME_IMG_2041.JPG","The_Blaine_House,_Augusta,_Maine.jpg",536.253173828125,345.4923095703125,478.7911071777344,317.607421875
"Blaine_House_at_Augusta,_ME_IMG_2041.JPG","The_Blaine_House,_Augusta,_Maine.jpg",536.903564453125,413.1677551269531,115.92811584472656,368.26397705078125
"Blaine_House_at_Augusta,_ME_IMG_2041.JPG","The_Blaine_House,_Augusta,_Maine.jpg",536.903564453125,413.1677551269531,115.92811584472656,368.26397705078125
"Blaine_House_at_Augusta,_ME_IMG_2041.JPG","The_Blaine_House,_Augusta,_Maine.jpg",538.1720581054688,211.38742065429688,272.77386474609375,305.6623229980469
"Blaine_House_at_Augusta,_ME_IMG_2041.JPG","The_Blaine_House,_Augusta,_Maine.jpg",541.5619506835938,279.52911376953125,187.3057098388672,232.32949829101562
"Blaine_House_at_Augusta,_ME_IMG_2041.JPG","The_Blaine_House,_Augusta,_Maine.jpg",543.3299560546875,213.08880615234375,492.07489013671875,223.0742645263672
"Blaine_House_at_Augusta,_ME_IMG_2041.JPG","The_Blaine_House,_Augusta,_Maine.jpg",549.7608642578125,271.7759704589844,496.0486755371094,266.18695068359375
"Blaine_House_at_Augusta,_ME_IMG_2041.JPG","The_Blaine_House,_Augusta,_Maine.jpg",555.8325805664062,189.54920959472656,134.56202697753906,140.91195678710938
"Blaine_House_at_Augusta,_ME_IMG_2041.JPG","The_Blaine_House,_Augusta,_Maine.jpg",563.19189453125,214.93118286132812,186.97235107421875,163.42532348632812
"Blaine_House_at_Augusta,_ME_IMG_2041.JPG","The_Blaine_House,_Augusta,_Maine.jpg",566.0380249023438,213.16302490234375,257.74371337890625,175.59512329101562
"Blaine_House_at_Augusta,_ME_IMG_2041.JPG","The_Blaine_House,_Augusta,_Maine.jpg",567.0612182617188,279.8906555175781,187.3057098388672,232.32949829101562
"Blaine_House_at_Augusta,_ME_IMG_2041.JPG","The_Blaine_House,_Augusta,_Maine.jpg",568.6660766601562,261.8927001953125,333.0079040527344,203.23289489746094
"Blaine_House_at_Augusta,_ME_IMG_2041.JPG","The_Blaine_House,_Augusta,_Maine.jpg",608.3085327148438,352.4681701660156,377.5343017578125,312.5360412597656
"Blaine_House_at_Augusta,_ME_IMG_2041.JPG","The_Blaine_House,_Augusta,_Maine.jpg",610.9322509765625,161.63613891601562,624.0903930664062,147.500244140625
"Blaine_House_at_Augusta,_ME_IMG_2041.JPG","The_Blaine_House,_Augusta,_Maine.jpg",616.1506958007812,271.4137878417969,496.0486755371094,266.18695068359375
"Blaine_House_at_Augusta,_ME_IMG_2041.JPG","The_Blaine_House,_Augusta,_Maine.jpg",616.1506958007812,271.4137878417969,242.4668426513672,231.58522033691406
"Blaine_House_at_Augusta,_ME_IMG_2041.JPG","The_Blaine_House,_Augusta,_Maine.jpg",616.3084106445312,165.36224365234375,737.3418579101562,31.85866355895996
"Blaine_House_at_Augusta,_ME_IMG_2041.JPG","The_Blaine_House,_Augusta,_Maine.jpg",618.3486938476562,213.24237060546875,393.1621398925781,133.23333740234375
"Blaine_House_at_Augusta,_ME_IMG_2041.JPG","The_Blaine_House,_Augusta,_Maine.jpg",631.1072387695312,214.5186309814453,257.74371337890625,175.59512329101562
"Blaine_House_at_Augusta,_ME_IMG_2041.JPG","The_Blaine_House,_Augusta,_Maine.jpg",631.6881103515625,280.2371826171875,187.3057098388672,232.32949829101562
"Blaine_House_at_Augusta,_ME_IMG_2041.JPG","The_Blaine_House,_Augusta,_Maine.jpg",638.6090087890625,407.1019592285156,421.93463134765625,228.08802795410156
"Blaine_House_at_Augusta,_ME_IMG_2041.JPG","The_Blaine_House,_Augusta,_Maine.jpg",639.9900512695312,430.2844543457031,250.07595825195312,306.3768005371094
"Blaine_House_at_Augusta,_ME_IMG_2041.JPG","The_Blaine_House,_Augusta,_Maine.jpg",644.431640625,433.187255859375,424.6312255859375,131.8638458251953
"Blaine_House_at_Augusta,_ME_IMG_2041.JPG","The_Blaine_House,_Augusta,_Maine.jpg",649.1927490234375,77.23785400390625,144.54896545410156,63.181793212890625
"Blaine_House_at_Augusta,_ME_IMG_2041.JPG","The_Blaine_House,_Augusta,_Maine.jpg",653.8487548828125,342.8273010253906,478.7911071777344,317.607421875
"Blaine_House_at_Augusta,_ME_IMG_2041.JPG","The_Blaine_House,_Augusta,_Maine.jpg",657.9589233398438,434.83245849609375,566.9714965820312,232.67893981933594
"Blaine_House_at_Augusta,_ME_IMG_2041.JPG","The_Blaine_House,_Augusta,_Maine.jpg",663.7325439453125,234.7919158935547,583.4468383789062,250.86795043945312
"Blaine_House_at_Augusta,_ME_IMG_2041.JPG","The_Blaine_House,_Augusta,_Maine.jpg",669.4983520507812,429.1620788574219,18.3822078704834,346.3553161621094
"Blaine_House_at_Augusta,_ME_IMG_2041.JPG","The_Blaine_House,_Augusta,_Maine.jpg",671.1964111328125,279.76727294921875,28.043109893798828,351.3978576660156
"Blaine_House_at_Augusta,_ME_IMG_2041.JPG","The_Blaine_House,_Augusta,_Maine.jpg",671.4407958984375,342.5910949707031,447.61273193359375,316.14111328125
"Blaine_House_at_Augusta,_ME_IMG_2041.JPG","The_Blaine_House,_Augusta,_Maine.jpg",672.8931884765625,93.09268951416016,169.02239990234375,81.74208068847656
"Blaine_House_at_Augusta,_ME_IMG_2041.JPG","The_Blaine_House,_Augusta,_Maine.jpg",673.0137939453125,178.53756713867188,293.19610595703125,197.6253204345703
"Blaine_House_at_Augusta,_ME_IMG_2041.JPG","The_Blaine_House,_Augusta,_Maine.jpg",675.601318359375,428.90350341796875,136.02040100097656,304.5426940917969
"Blaine_House_at_Augusta,_ME_IMG_2041.JPG","The_Blaine_House,_Augusta,_Maine.jpg",678.6505126953125,270.5234680175781,590.7260131835938,276.88409423828125
"Blaine_House_at_Augusta,_ME_IMG_2041.JPG","The_Blaine_House,_Augusta,_Maine.jpg",682.4016723632812,340.16278076171875,588.445068359375,320.0177001953125
"Blaine_House_at_Augusta,_ME_IMG_2041.JPG","The_Blaine_House,_Augusta,_Maine.jpg",685.374755859375,253.55868530273438,310.8894348144531,201.33447265625
"Blaine_House_at_Augusta,_ME_IMG_2041.JPG","The_Blaine_House,_Augusta,_Maine.jpg",699.5928344726562,177.63427734375,613.33837890625,216.88272094726562
"Blaine_House_at_Augusta,_ME_IMG_2041.JPG","The_Blaine_House,_Augusta,_Maine.jpg",701.2619018554688,90.31533813476562,544.9425659179688,167.6285400390625
"Blaine_House_at_Augusta,_ME_IMG_2041.JPG","The_Blaine_House,_Augusta,_Maine.jpg",734.41552734375,208.77352905273438,186.97235107421875,163.42532348632812
"Blaine_House_at_Augusta,_ME_IMG_2041.JPG","The_Blaine_House,_Augusta,_Maine.jpg",737.1692504882812,206.97650146484375,257.74371337890625,175.59512329101562
"Blaine_House_at_Augusta,_ME_IMG_2041.JPG","The_Blaine_House,_Augusta,_Maine.jpg",747.8687744140625,402.4649963378906,258.98065185546875,239.6861114501953
"Blaine_House_at_Augusta,_ME_IMG_2041.JPG","The_Blaine_House,_Augusta,_Maine.jpg",764.7869873046875,114.91093444824219,251.05157470703125,112.4418716430664
"Blaine_House_at_Augusta,_ME_IMG_2041.JPG","The_Blaine_House,_Augusta,_Maine.jpg",772.1278076171875,146.9434051513672,221.42942810058594,521.846923828125
"Blaine_House_at_Augusta,_ME_IMG_2041.JPG","The_Blaine_House,_Augusta,_Maine.jpg",774.6683349609375,202.02975463867188,234.31460571289062,164.68350219726562
"Blaine_House_at_Augusta,_ME_IMG_2041.JPG","The_Blaine_House,_Augusta,_Maine.jpg",774.8843383789062,207.19778442382812,410.9241943359375,202.66604614257812
"Blaine_House_at_Augusta,_ME_IMG_2041.JPG","The_Blaine_House,_Augusta,_Maine.jpg",777.2177124023438,238.89500427246094,273.28509521484375,342.51824951171875
"Blaine_House_at_Augusta,_ME_IMG_2041.JPG","The_Blaine_House,_Augusta,_Maine.jpg",778.6328125,207.3746337890625,366.7321472167969,195.45645141601562
"Blaine_House_at_Augusta,_ME_IMG_2041.JPG","The_Blaine_House,_Augusta,_Maine.jpg",781.7827758789062,78.9849853515625,403.49639892578125,142.1125946044922
"Blaine_House_at_Augusta,_ME_IMG_2041.JPG",The_Guy_P._Gannett_House.jpeg.jpg,26.16732406616211,409.5971374511719,763.2576293945312,426.4710388183594
"Blaine_House_at_Augusta,_ME_IMG_2041.JPG",The_Guy_P._Gannett_House.jpeg.jpg,37.56180191040039,432.1159362792969,328.244873046875,454.11395263671875
"Blaine_House_at_Augusta,_ME_IMG_2041.JPG",The_Guy_P._Gannett_House.jpeg.jpg,71.76085662841797,41.723365783691406,332.9508972167969,101.49299621582031
"Blaine_House_at_Augusta,_ME_IMG_2041.JPG",The_Guy_P._Gannett_House.jpeg.jpg,112.24781799316406,98.61762237548828,327.673095703125,220.41754150390625
"Blaine_House_at_Augusta,_ME_IMG_2041.JPG",The_Guy_P._Gannett_House.jpeg.jpg,138.31492614746094,447.3224792480469,454.7532043457031,415.5787658691406
"Blaine_House_at_Augusta,_ME_IMG_2041.JPG",The_Guy_P._Gannett_House.jpeg.jpg,151.92230224609375,200.92864990234375,182.46466064453125,274.72308349609375
"Blaine_House_at_Augusta,_ME_IMG_2041.JPG",The_Guy_P._Gannett_House.jpeg.jpg,157.0999298095703,473.02752685546875,204.75198364257812,266.22174072265625
"Blaine_House_at_Augusta,_ME_IMG_2041.JPG",The_Guy_P._Gannett_House.jpeg.jpg,158.63429260253906,97.52674865722656,190.85655212402344,105.03015899658203
"Blaine_House_at_Augusta,_ME_IMG_2041.JPG",The_Guy_P._Gannett_House.jpeg.jpg,171.79690551757812,472.3461608886719,413.4181823730469,575.5604248046875
"Blaine_House_at_Augusta,_ME_IMG_2041.JPG",The_Guy_P._Gannett_House.jpeg.jpg,173.3878631591797,125.46502685546875,413.45367431640625,166.43246459960938
"Blaine_House_at_Augusta,_ME_IMG_2041.JPG",The_Guy_P._Gannett_House.jpeg.jpg,179.67689514160156,125.56095123291016,333.92822265625,164.27297973632812
"Blaine_House_at_Augusta,_ME_IMG_2041.JPG",The_Guy_P._Gannett_House.jpeg.jpg,179.67689514160156,125.56095123291016,417.6541748046875,166.46217346191406
"Blaine_House_at_Augusta,_ME_IMG_2041.JPG",The_Guy_P._Gannett_House.jpeg.jpg,187.56626892089844,241.1841278076172,507.6563415527344,373.0164489746094
"Blaine_House_at_Augusta,_ME_IMG_2041.JPG",The_Guy_P._Gannett_House.jpeg.jpg,193.77886962890625,35.4749870300293,591.1618041992188,205.04873657226562
"Blaine_House_at_Augusta,_ME_IMG_2041.JPG",The_Guy_P._Gannett_House.jpeg.jpg,193.90623474121094,194.11375427246094,512.614501953125,218.97201538085938
"Blaine_House_at_Augusta,_ME_IMG_2041.JPG",The_Guy_P._Gannett_House.jpeg.jpg,199.8090057373047,201.2626953125,198.9761962890625,216.66986083984375
"Blaine_House_at_Augusta,_ME_IMG_2041.JPG",The_Guy_P._Gannett_House.jpeg.jpg,207.0167999267578,240.51258850097656,526.4502563476562,372.5232849121094
"Blaine_House_at_Augusta,_ME_IMG_2041.JPG",The_Guy_P._Gannett_House.jpeg.jpg,233.90890502929688,241.0575408935547,550.8607788085938,373.2164001464844
"Blaine_House_at_Augusta,_ME_IMG_2041.JPG",The_Guy_P._Gannett_House.jpeg.jpg,234.1497039794922,247.9993438720703,498.4894714355469,426.0758056640625
"Blaine_House_at_Augusta,_ME_IMG_2041.JPG",The_Guy_P._Gannett_House.jpeg.jpg,236.1338348388672,238.07461547851562,226.79905700683594,366.5994567871094
"Blaine_House_at_Augusta,_ME_IMG_2041.JPG",The_Guy_P._Gannett_House.jpeg.jpg,256.8197021484375,449.6477355957031,386.0879211425781,454.5262756347656
"Blaine_House_at_Augusta,_ME_IMG_2041.JPG",The_Guy_P._Gannett_House.jpeg.jpg,256.8197021484375,449.6477355957031,386.0879211425781,454.5262756347656
"Blaine_House_at_Augusta,_ME_IMG_2041.JPG",The_Guy_P._Gannett_House.jpeg.jpg,258.06732177734375,459.68017578125,386.0879211425781,454.5262756347656
"Blaine_House_at_Augusta,_ME_IMG_2041.JPG",The_Guy_P._Gannett_House.jpeg.jpg,258.06732177734375,459.68017578125,386.0879211425781,454.5262756347656
"Blaine_House_at_Augusta,_ME_IMG_2041.JPG",The_Guy_P._Gannett_House.jpeg.jpg,259.7872314453125,353.6366271972656,321.9721984863281,384.408203125
"Blaine_House_at_Augusta,_ME_IMG_2041.JPG",The_Guy_P._Gannett_House.jpeg.jpg,277.51763916015625,145.40455627441406,432.5572814941406,117.43836975097656
"Blaine_House_at_Augusta,_ME_IMG_2041.JPG",The_Guy_P._Gannett_House.jpeg.jpg,283.63311767578125,201.69056701660156,443.40106201171875,221.5504150390625
"Blaine_House_at_Augusta,_ME_IMG_2041.JPG",The_Guy_P._Gannett_House.jpeg.jpg,286.74981689453125,241.00450134277344,526.4502563476562,372.5232849121094
"Blaine_House_at_Augusta,_ME_IMG_2041.JPG",The_Guy_P._Gannett_House.jpeg.jpg,289.1866760253906,259.13128662109375,526.4502563476562,372.5232849121094
"Blaine_House_at_Augusta,_ME_IMG_2041.JPG",The_Guy_P._Gannett_House.jpeg.jpg,298.8602600097656,383.29443359375,537.2429809570312,368.81414794921875
"Blaine_House_at_Augusta,_ME_IMG_2041.JPG",The_Guy_P._Gannett_House.jpeg.jpg,311.5251770019531,241.09130859375,550.8607788085938,373.2164001464844
"Blaine_House_at_Augusta,_ME_IMG_2041.JPG",The_Guy_P._Gannett_House.jpeg.jpg,320.433837890625,490.51007080078125,605.92578125,266.1905212402344
"Blaine_House_at_Augusta,_ME_IMG_2041.JPG",The_Guy_P._Gannett_House.jpeg.jpg,330.4422607421875,234.5548553466797,507.6563415527344,373.0164489746094
"Blaine_House_at_Augusta,_ME_IMG_2041.JPG",The_Guy_P._Gannett_House.jpeg.jpg,360.6805419921875,480.69537353515625,63.67637634277344,387.78997802734375
"Blaine_House_at_Augusta,_ME_IMG_2041.JPG",The_Guy_P._Gannett_House.jpeg.jpg,361.2994689941406,387.8699035644531,379.3127746582031,129.15921020507812
"Blaine_House_at_Augusta,_ME_IMG_2041.JPG",The_Guy_P._Gannett_House.jpeg.jpg,366.0026550292969,456.0079040527344,319.86065673828125,474.44000244140625
"Blaine_House_at_Augusta,_ME_IMG_2041.JPG",The_Guy_P._Gannett_House.jpeg.jpg,366.7953796386719,351.5416564941406,611.460205078125,399.8298645019531
"Blaine_House_at_Augusta,_ME_IMG_2041.JPG",The_Guy_P._Gannett_House.jpeg.jpg,382.1138916015625,377.9259338378906,201.19049072265625,366.36090087890625
"Blaine_House_at_Augusta,_ME_IMG_2041.JPG",The_Guy_P._Gannett_House.jpeg.jpg,389.9055480957031,431.9265441894531,379.3127746582031,129.15921020507812
"Blaine_House_at_Augusta,_ME_IMG_2041.JPG",The_Guy_P._Gannett_House.jpeg.jpg,392.1084899902344,273.3753967285156,325.0740051269531,386.634521484375
"Blaine_House_at_Augusta,_ME_IMG_2041.JPG",The_Guy_P._Gannett_House.jpeg.jpg,413.918212890625,239.603759765625,507.6563415527344,373.0164489746094
"Blaine_House_at_Augusta,_ME_IMG_2041.JPG",The_Guy_P._Gannett_House.jpeg.jpg,433.97613525390625,215.91758728027344,511.9936828613281,230.32080078125
"Blaine_House_at_Augusta,_ME_IMG_2041.JPG",The_Guy_P._Gannett_House.jpeg.jpg,435.55633544921875,400.1390686035156,379.3127746582031,129.15921020507812
"Blaine_House_at_Augusta,_ME_IMG_2041.JPG",The_Guy_P._Gannett_House.jpeg.jpg,436.05126953125,414.815185546875,379.3127746582031,129.15921020507812
"Blaine_House_at_Augusta,_ME_IMG_2041.JPG",The_Guy_P._Gannett_House.jpeg.jpg,436.6805419921875,429.6729431152344,379.3127746582031,129.15921020507812
"Blaine_House_at_Augusta,_ME_IMG_2041.JPG",The_Guy_P._Gannett_House.jpeg.jpg,437.26593017578125,403.4840393066406,531.6821899414062,581.357177734375
"Blaine_House_at_Augusta,_ME_IMG_2041.JPG",The_Guy_P._Gannett_House.jpeg.jpg,437.7104187011719,417.3614501953125,531.6821899414062,581.357177734375
"Blaine_House_at_Augusta,_ME_IMG_2041.JPG",The_Guy_P._Gannett_House.jpeg.jpg,438.83978271484375,438.7867431640625,327.673095703125,220.41754150390625
"Blaine_House_at_Augusta,_ME_IMG_2041.JPG",The_Guy_P._Gannett_House.jpeg.jpg,439.98773193359375,209.39993286132812,198.9761962890625,216.66986083984375
"Blaine_House_at_Augusta,_ME_IMG_2041.JPG",The_Guy_P._Gannett_House.jpeg.jpg,451.1794128417969,347.1076965332031,655.6220092773438,396.79974365234375
"Blaine_House_at_Augusta,_ME_IMG_2041.JPG",The_Guy_P._Gannett_House.jpeg.jpg,459.5998229980469,346.9972839355469,655.6220092773438,396.79974365234375
"Blaine_House_at_Augusta,_ME_IMG_2041.JPG",The_Guy_P._Gannett_House.jpeg.jpg,461.88067626953125,413.9559020996094,379.3127746582031,129.15921020507812
"Blaine_House_at_Augusta,_ME_IMG_2041.JPG",The_Guy_P._Gannett_House.jpeg.jpg,462.5547180175781,428.725830078125,379.3127746582031,129.15921020507812
"Blaine_House_at_Augusta,_ME_IMG_2041.JPG",The_Guy_P._Gannett_House.jpeg.jpg,464.90692138671875,442.0942077636719,503.4793701171875,226.2176971435547
"Blaine_House_at_Augusta,_ME_IMG_2041.JPG",The_Guy_P._Gannett_House.jpeg.jpg,485.45440673828125,240.19049072265625,507.6563415527344,373.0164489746094
"Blaine_House_at_Augusta,_ME_IMG_2041.JPG",The_Guy_P._Gannett_House.jpeg.jpg,507.49957275390625,426.72027587890625,379.3127746582031,129.15921020507812
"Blaine_House_at_Augusta,_ME_IMG_2041.JPG",The_Guy_P._Gannett_House.jpeg.jpg,523.5110473632812,157.98709106445312,112.49088287353516,328.5426025390625
"Blaine_House_at_Augusta,_ME_IMG_2041.JPG",The_Guy_P._Gannett_House.jpeg.jpg,526.343505859375,337.1410217285156,401.1632080078125,482.1846008300781
"Blaine_House_at_Augusta,_ME_IMG_2041.JPG",The_Guy_P._Gannett_House.jpeg.jpg,543.3299560546875,213.08880615234375,554.2382202148438,226.18724060058594
"Blaine_House_at_Augusta,_ME_IMG_2041.JPG",The_Guy_P._Gannett_House.jpeg.jpg,553.9742431640625,241.48692321777344,507.6563415527344,373.0164489746094
"Blaine_House_at_Augusta,_ME_IMG_2041.JPG",The_Guy_P._Gannett_House.jpeg.jpg,567.0612182617188,279.8906555175781,470.4193115234375,468.2455139160156
"Blaine_House_at_Augusta,_ME_IMG_2041.JPG",The_Guy_P._Gannett_House.jpeg.jpg,575.7081298828125,530.0822143554688,459.9117431640625,343.0174560546875
"Blaine_House_at_Augusta,_ME_IMG_2041.JPG",The_Guy_P._Gannett_House.jpeg.jpg,582.1663818359375,244.83050537109375,524.5777587890625,369.48919677734375
"Blaine_House_at_Augusta,_ME_IMG_2041.JPG",The_Guy_P._Gannett_House.jpeg.jpg,631.6881103515625,280.2371826171875,470.4193115234375,468.2455139160156
"Blaine_House_at_Augusta,_ME_IMG_2041.JPG",The_Guy_P._Gannett_House.jpeg.jpg,639.9900512695312,430.2844543457031,316.01629638671875,86.69081115722656
"Blaine_House_at_Augusta,_ME_IMG_2041.JPG",The_Guy_P._Gannett_House.jpeg.jpg,639.9900512695312,430.2844543457031,316.01629638671875,86.69081115722656
"Blaine_House_at_Augusta,_ME_IMG_2041.JPG",The_Guy_P._Gannett_House.jpeg.jpg,644.431640625,433.187255859375,591.39697265625,470.5392150878906
"Blaine_House_at_Augusta,_ME_IMG_2041.JPG",The_Guy_P._Gannett_House.jpeg.jpg,655.1918334960938,381.8332824707031,204.24488830566406,184.87721252441406
"Blaine_House_at_Augusta,_ME_IMG_2041.JPG",The_Guy_P._Gannett_House.jpeg.jpg,659.6223754882812,354.928466796875,149.17742919921875,473.98468017578125
"Blaine_House_at_Augusta,_ME_IMG_2041.JPG",The_Guy_P._Gannett_House.jpeg.jpg,686.044921875,268.9615173339844,567.5548095703125,244.6467742919922
"Blaine_House_at_Augusta,_ME_IMG_2041.JPG",The_Guy_P._Gannett_House.jpeg.jpg,746.6339111328125,208.143310546875,438.57525634765625,223.0270538330078
"Blaine_House_at_Augusta,_ME_IMG_2041.JPG",The_Guy_P._Gannett_House.jpeg.jpg,747.1575317382812,97.10388946533203,379.3127746582031,129.15921020507812
"Blaine_House_at_Augusta,_ME_IMG_2041.JPG",The_Guy_P._Gannett_House.jpeg.jpg,748.6256713867188,59.93537139892578,435.0575256347656,474.8494567871094
"Blaine_House_at_Augusta,_ME_IMG_2041.JPG",The_Guy_P._Gannett_House.jpeg.jpg,754.6412353515625,241.51400756835938,526.4502563476562,372.5232849121094
"Blaine_House_at_Augusta,_ME_IMG_2041.JPG",The_Guy_P._Gannett_House.jpeg.jpg,760.548828125,366.8423767089844,524.5777587890625,369.48919677734375
"Blaine_House_at_Augusta,_ME_IMG_2041.JPG",The_Guy_P._Gannett_House.jpeg.jpg,763.471435546875,209.85418701171875,461.64166259765625,224.52024841308594
"Blaine_House_at_Augusta,_ME_IMG_2041.JPG",The_Guy_P._Gannett_House.jpeg.jpg,768.1631469726562,241.59622192382812,121.54671478271484,422.41680908203125
"Blaine_House_at_Augusta,_ME_IMG_2041.JPG",The_Guy_P._Gannett_House.jpeg.jpg,772.1278076171875,146.9434051513672,192.6455841064453,125.30191040039062
"Blaine_House_at_Augusta,_ME_IMG_2041.JPG",The_Guy_P._Gannett_House.jpeg.jpg,778.6328125,207.3746337890625,317.2420349121094,218.53260803222656
"Blaine_House_at_Augusta,_ME_IMG_2041.JPG",The_Guy_P._Gannett_House.jpeg.jpg,781.0072631835938,446.879150390625,470.01239013671875,553.3070678710938
"Blaine_House_at_Augusta,_ME_IMG_2041.JPG",The_Guy_P._Gannett_House.jpeg.jpg,782.4105834960938,368.9667053222656,550.8607788085938,373.2164001464844
"Blaine_House_at_Augusta,_ME_IMG_2041.JPG",The_Guy_P._Gannett_House.jpeg.jpg,784.6915893554688,426.189453125,697.6737670898438,244.58055114746094
"Blaine_House_at_Augusta,_ME_IMG_2041.JPG",The_Guy_P._Gannett_House.jpeg.jpg,791.3004150390625,206.54800415039062,470.4193115234375,468.2455139160156
"The_Blaine_House,_Augusta,_Maine.jpg",The_Guy_P._Gannett_House.jpeg.jpg,9.08317756652832,225.14541625976562,196.73428344726562,365.789306640625
"The_Blaine_House,_Augusta,_Maine.jpg",The_Guy_P._Gannett_House.jpeg.jpg,10.509587287902832,330.058349609375,550.8607788085938,373.2164001464844
"The_Blaine_House,_Augusta,_Maine.jpg",The_Guy_P._Gannett_House.jpeg.jpg,29.55612564086914,141.0894012451172,319.5267639160156,126.9668960571289
"The_Blaine_House,_Augusta,_Maine.jpg",The_Guy_P._Gannett_House.jpeg.jpg,92.53751373291016,382.47186279296875,182.5126495361328,270.1811828613281
"The_Blaine_House,_Augusta,_Maine.jpg",The_Guy_P._Gannett_House.jpeg.jpg,94.91192626953125,481.5051574707031,581.8479614257812,443.54541015625
"The_Blaine_House,_Augusta,_Maine.jpg",The_Guy_P._Gannett_House.jpeg.jpg,102.98605346679688,305.2284240722656,677.39892578125,395.196044921875
"The_Blaine_House,_Augusta,_Maine.jpg",The_Guy_P._Gannett_House.jpeg.jpg,105.67186737060547,311.3927307128906,197.59805297851562,338.61529541015625
"The_Blaine_House,_Augusta,_Maine.jpg",The_Guy_P._Gannett_House.jpeg.jpg,107.97345733642578,203.34933471679688,121.54671478271484,422.41680908203125
"The_Blaine_House,_Augusta,_Maine.jpg",The_Guy_P._Gannett_House.jpeg.jpg,108.04603576660156,190.53211975097656,121.54671478271484,422.41680908203125
"The_Blaine_House,_Augusta,_Maine.jpg",The_Guy_P._Gannett_House.jpeg.jpg,135.36256408691406,170.31834411621094,435.5767822265625,90.14019775390625
"The_Blaine_House,_Augusta,_Maine.jpg",The_Guy_P._Gannett_House.jpeg.jpg,163.60743713378906,337.7101745605469,34.15044021606445,524.0340576171875
"The_Blaine_House,_Augusta,_Maine.jpg",The_Guy_P._Gannett_House.jpeg.jpg,163.60743713378906,337.7101745605469,34.15044021606445,524.0340576171875
"The_Blaine_House,_Augusta,_Maine.jpg",The_Guy_P._Gannett_House.jpeg.jpg,167.62672424316406,491.1568908691406,59.55169677734375,503.963623046875
"The_Blaine_House,_Augusta,_Maine.jpg",The_Guy_P._Gannett_House.jpeg.jpg,182.32290649414062,465.0120544433594,288.1800842285156,221.02796936035156
"The_Blaine_House,_Augusta,_Maine.jpg",The_Guy_P._Gannett_House.jpeg.jpg,197.91973876953125,157.89537048339844,512.614501953125,218.97201538085938
"The_Blaine_House,_Augusta,_Maine.jpg",The_Guy_P._Gannett_House.jpeg.jpg,201.66639709472656,116.04222106933594,573.1660766601562,352.7038269042969
"The_Blaine_House,_Augusta,_Maine.jpg",The_Guy_P._Gannett_House.jpeg.jpg,222.33001708984375,173.82925415039062,397.4638366699219,266.4352722167969
"The_Blaine_House,_Augusta,_Maine.jpg",The_Guy_P._Gannett_House.jpeg.jpg,241.5183868408203,366.85028076171875,121.54671478271484,422.41680908203125
"The_Blaine_House,_Augusta,_Maine.jpg",The_Guy_P._Gannett_House.jpeg.jpg,276.1778869628906,415.64996337890625,454.3432312011719,342.2406311035156
"The_Blaine_House,_Augusta,_Maine.jpg",The_Guy_P._Gannett_House.jpeg.jpg,338.4386291503906,294.11846923828125,159.42169189453125,377.86834716796875
"The_Blaine_House,_Augusta,_Maine.jpg",The_Guy_P._Gannett_House.jpeg.jpg,338.9068908691406,185.662109375,512.614501953125,218.97201538085938
"The_Blaine_House,_Augusta,_Maine.jpg",The_Guy_P._Gannett_House.jpeg.jpg,344.9310607910156,470.3348388671875,771.2694091796875,207.4826202392578
"The_Blaine_House,_Augusta,_Maine.jpg",The_Guy_P._Gannett_House.jpeg.jpg,366.7321472167969,195.45645141601562,317.2420349121094,218.53260803222656
"The_Blaine_House,_Augusta,_Maine.jpg",The_Guy_P._Gannett_House.jpeg.jpg,369.3953857421875,339.100830078125,605.8554077148438,434.2505187988281
"The_Blaine_House,_Augusta,_Maine.jpg",The_Guy_P._Gannett_House.jpeg.jpg,387.5509338378906,345.9690246582031,46.875492095947266,450.67681884765625
"The_Blaine_House,_Augusta,_Maine.jpg",The_Guy_P._Gannett_House.jpeg.jpg,388.2265625,436.9974670410156,793.564453125,556.7041625976562
"The_Blaine_House,_Augusta,_Maine.jpg",The_Guy_P._Gannett_House.jpeg.jpg,407.19091796875,127.33417510986328,703.0205078125,219.3523712158203
"The_Blaine_House,_Augusta,_Maine.jpg",The_Guy_P._Gannett_House.jpeg.jpg,422.0242614746094,409.00799560546875,153.96514892578125,191.00994873046875
"The_Blaine_House,_Augusta,_Maine.jpg",The_Guy_P._Gannett_House.jpeg.jpg,434.97381591796875,438.0372619628906,59.55169677734375,503.963623046875
"The_Blaine_House,_Augusta,_Maine.jpg",The_Guy_P._Gannett_House.jpeg.jpg,441.6245422363281,297.2532043457031,157.6387176513672,324.8509216308594
"The_Blaine_House,_Augusta,_Maine.jpg",The_Guy_P._Gannett_House.jpeg.jpg,472.88720703125,196.78945922851562,413.4181823730469,575.5604248046875
"The_Blaine_House,_Augusta,_Maine.jpg",The_Guy_P._Gannett_House.jpeg.jpg,510.8109436035156,160.11082458496094,153.96514892578125,191.00994873046875
"The_Blaine_House,_Augusta,_Maine.jpg",The_Guy_P._Gannett_House.jpeg.jpg,516.0143432617188,167.91488647460938,81.92742156982422,328.89202880859375
"The_Blaine_House,_Augusta,_Maine.jpg",The_Guy_P._Gannett_House.jpeg.jpg,527.6491088867188,408.6040344238281,47.0853271484375,394.18695068359375
"The_Blaine_House,_Augusta,_Maine.jpg",The_Guy_P._Gannett_House.jpeg.jpg,531.5230102539062,180.15467834472656,383.5332336425781,586.0651245117188
"The_Blaine_House,_Augusta,_Maine.jpg",The_Guy_P._Gannett_House.jpeg.jpg,545.0858764648438,196.45840454101562,242.1475067138672,168.19961547851562
"The_Blaine_House,_Augusta,_Maine.jpg",The_Guy_P._Gannett_House.jpeg.jpg,551.8638305664062,309.60894775390625,413.4181823730469,575.5604248046875
"The_Blaine_House,_Augusta,_Maine.jpg",The_Guy_P._Gannett_House.jpeg.jpg,557.644775390625,309.99322509765625,413.4181823730469,575.5604248046875
"The_Blaine_House,_Augusta,_Maine.jpg",The_Guy_P._Gannett_House.jpeg.jpg,580.2421875,248.39952087402344,462.129638671875,295.4183654785156
"The_Blaine_House,_Augusta,_Maine.jpg",The_Guy_P._Gannett_House.jpeg.jpg,580.6071166992188,256.8080139160156,454.64324951171875,286.91094970703125
"The_Blaine_House,_Augusta,_Maine.jpg",The_Guy_P._Gannett_House.jpeg.jpg,589.096923828125,279.1481628417969,282.33062744140625,217.87770080566406
"The_Blaine_House,_Augusta,_Maine.jpg",The_Guy_P._Gannett_House.jpeg.jpg,590.7260131835938,276.88409423828125,504.3887939453125,295.1583557128906
"The_Blaine_House,_Augusta,_Maine.jpg",The_Guy_P._Gannett_House.jpeg.jpg,592.5234375,279.4767150878906,276.1337890625,216.05599975585938
"The_Blaine_House,_Augusta,_Maine.jpg",The_Guy_P._Gannett_House.jpeg.jpg,603.964111328125,158.67860412597656,423.6180419921875,132.94650268554688
"The_Blaine_House,_Augusta,_Maine.jpg",The_Guy_P._Gannett_House.jpeg.jpg,624.0903930664062,147.500244140625,588.1922607421875,203.4363555908203
"The_Blaine_House,_Augusta,_Maine.jpg",The_Guy_P._Gannett_House.jpeg.jpg,624.42138671875,200.85743713378906,503.7851257324219,244.00645446777344
"The_Blaine_House,_Augusta,_Maine.jpg",The_Guy_P._Gannett_House.jpeg.jpg,644.5032348632812,101.00108337402344,63.67637634277344,387.78997802734375
"The_Blaine_House,_Augusta,_Maine.jpg",The_Guy_P._Gannett_House.jpeg.jpg,660.4237060546875,94.49295043945312,208.658203125,104.48494720458984
"The_Blaine_House,_Augusta,_Maine.jpg",The_Guy_P._Gannett_House.jpeg.jpg,733.9940185546875,30.452850341796875,309.06280517578125,143.0400390625
"The_Blaine_House,_Augusta,_Maine.jpg",The_Guy_P._Gannett_House.jpeg.jpg,751.8413696289062,406.5286865234375,184.5379180908203,591.1348266601562
"The_Blaine_House,_Augusta,_Maine.jpg",The_Guy_P._Gannett_House.jpeg.jpg,780.476318359375,13.583158493041992,400.2380676269531,243.59552001953125
"The_Blaine_House,_Augusta,_Maine.jpg",The_Guy_P._Gannett_House.jpeg.jpg,783.4229125976562,406.4720153808594,220.68829345703125,152.98046875
"The_Blaine_House,_Augusta,_Maine.jpg",The_Guy_P._Gannett_House.jpeg.jpg,785.6151733398438,98.32088470458984,599.1533203125,293.4128723144531
"The_Blaine_House,_Augusta,_Maine.jpg",The_Guy_P._Gannett_House.jpeg.jpg,792.7315673828125,422.91619873046875,160.52261352539062,283.3040466308594
